ISO-10303-21;
HEADER;
/* Generated by software containing ST-Developer
 * from STEP Tools, Inc. (www.steptools.com) 
 */
/* OPTION: using custom renumber hook */

FILE_DESCRIPTION(
/* description */ ('STEP AP242 Edition 2',
'CAx-IF Rec.Pracs.---Representation and Presentation of Product Manufa
cturing Information (PMI)---4.0---2014-10-13',
'CAx-IF Rec.Pracs.---3D Tessellated Geometry---0.4---2014-09-14','2;1',
'CAx-IF Rec.Pracs.---User Defined Attributes---1.5---2016-08-15'),
/* implementation_level */ '2;1');

FILE_NAME(
/* name */ '69f2727b435dc1eae5f2b61b',
/* time_stamp */ '2026-04-29T21:04:59Z',
/* author */ (''),
/* organization */ (''),
/* preprocessor_version */ 'ST-DEVELOPER v20',
/* originating_system */ 'ONSHAPE BY PTC INC, 1.214',
/* authorisation */ '  ');

FILE_SCHEMA (('AP242_MANAGED_MODEL_BASED_3D_ENGINEERING_MIM_LF { 1 0 10303 442 3 1 4 }'));
ENDSEC;

DATA;
#10=CONTEXT_DEPENDENT_SHAPE_REPRESENTATION(#18,#5512);
#11=CONTEXT_DEPENDENT_SHAPE_REPRESENTATION(#19,#5514);
#12=CONTEXT_DEPENDENT_SHAPE_REPRESENTATION(#20,#5516);
#13=CONTEXT_DEPENDENT_SHAPE_REPRESENTATION(#21,#5518);
#14=NEXT_ASSEMBLY_USAGE_OCCURRENCE('NAUO1','Part 1','Part 1',#5519,#5520,
'');
#15=NEXT_ASSEMBLY_USAGE_OCCURRENCE('NAUO2','Part 1','Part 1',#5519,#5521,
'');
#16=NEXT_ASSEMBLY_USAGE_OCCURRENCE('NAUO3','Part 1','Part 1',#5519,#5522,
'');
#17=NEXT_ASSEMBLY_USAGE_OCCURRENCE('NAUO4','Part 1','Part 1',#5519,#5523,
'');
#18=(
REPRESENTATION_RELATIONSHIP(' ',' ',#3330,#3329)
REPRESENTATION_RELATIONSHIP_WITH_TRANSFORMATION(#22)
SHAPE_REPRESENTATION_RELATIONSHIP()
);
#19=(
REPRESENTATION_RELATIONSHIP(' ',' ',#3331,#3329)
REPRESENTATION_RELATIONSHIP_WITH_TRANSFORMATION(#23)
SHAPE_REPRESENTATION_RELATIONSHIP()
);
#20=(
REPRESENTATION_RELATIONSHIP(' ',' ',#3332,#3329)
REPRESENTATION_RELATIONSHIP_WITH_TRANSFORMATION(#24)
SHAPE_REPRESENTATION_RELATIONSHIP()
);
#21=(
REPRESENTATION_RELATIONSHIP(' ',' ',#3333,#3329)
REPRESENTATION_RELATIONSHIP_WITH_TRANSFORMATION(#25)
SHAPE_REPRESENTATION_RELATIONSHIP()
);
#22=ITEM_DEFINED_TRANSFORMATION(' ',' ',#3334,#3361);
#23=ITEM_DEFINED_TRANSFORMATION(' ',' ',#3334,#3505);
#24=ITEM_DEFINED_TRANSFORMATION(' ',' ',#3334,#3649);
#25=ITEM_DEFINED_TRANSFORMATION(' ',' ',#3334,#3710);
#26=SHAPE_REPRESENTATION_RELATIONSHIP('','',#3330,#30);
#27=SHAPE_REPRESENTATION_RELATIONSHIP('','',#3331,#31);
#28=SHAPE_REPRESENTATION_RELATIONSHIP('','',#3332,#32);
#29=SHAPE_REPRESENTATION_RELATIONSHIP('','',#3333,#33);
#30=ADVANCED_BREP_SHAPE_REPRESENTATION('',(#3320),#5498);
#31=ADVANCED_BREP_SHAPE_REPRESENTATION('',(#3321),#5499);
#32=ADVANCED_BREP_SHAPE_REPRESENTATION('',(#3322),#5500);
#33=ADVANCED_BREP_SHAPE_REPRESENTATION('',(#3323),#5501);
#34=CYLINDRICAL_SURFACE('',#3343,0.015);
#35=CYLINDRICAL_SURFACE('',#3354,0.0055);
#36=CYLINDRICAL_SURFACE('',#3355,0.00325);
#37=CYLINDRICAL_SURFACE('',#3360,0.0055);
#38=CYLINDRICAL_SURFACE('',#3368,0.00180000000000002);
#39=CYLINDRICAL_SURFACE('',#3371,0.00180000000000002);
#40=CYLINDRICAL_SURFACE('',#3374,0.0018);
#41=CYLINDRICAL_SURFACE('',#3377,0.0018);
#42=CYLINDRICAL_SURFACE('',#3380,0.0018);
#43=CYLINDRICAL_SURFACE('',#3383,0.0018);
#44=CYLINDRICAL_SURFACE('',#3386,0.0018);
#45=CYLINDRICAL_SURFACE('',#3389,0.0018);
#46=CYLINDRICAL_SURFACE('',#3392,0.0018);
#47=CYLINDRICAL_SURFACE('',#3395,0.0018);
#48=CYLINDRICAL_SURFACE('',#3398,0.0018);
#49=CYLINDRICAL_SURFACE('',#3401,0.00180000000000002);
#50=CYLINDRICAL_SURFACE('',#3404,0.00180000000000002);
#51=CYLINDRICAL_SURFACE('',#3407,0.0018);
#52=CYLINDRICAL_SURFACE('',#3410,0.0018);
#53=CYLINDRICAL_SURFACE('',#3413,0.00180000000000002);
#54=CYLINDRICAL_SURFACE('',#3416,0.0018);
#55=CYLINDRICAL_SURFACE('',#3419,0.0018);
#56=CYLINDRICAL_SURFACE('',#3422,0.0018);
#57=CYLINDRICAL_SURFACE('',#3425,0.0018);
#58=CYLINDRICAL_SURFACE('',#3428,0.0018);
#59=CYLINDRICAL_SURFACE('',#3431,0.0021);
#60=CYLINDRICAL_SURFACE('',#3434,0.0021);
#61=CYLINDRICAL_SURFACE('',#3437,0.0018);
#62=CYLINDRICAL_SURFACE('',#3440,0.0018);
#63=CYLINDRICAL_SURFACE('',#3443,0.0018);
#64=CYLINDRICAL_SURFACE('',#3446,0.0018);
#65=CYLINDRICAL_SURFACE('',#3449,0.0018);
#66=CYLINDRICAL_SURFACE('',#3452,0.0018);
#67=CYLINDRICAL_SURFACE('',#3455,0.00180000000000002);
#68=CYLINDRICAL_SURFACE('',#3458,0.0018);
#69=CYLINDRICAL_SURFACE('',#3461,0.00180000000000002);
#70=CYLINDRICAL_SURFACE('',#3464,0.0018);
#71=CYLINDRICAL_SURFACE('',#3467,0.0018);
#72=CYLINDRICAL_SURFACE('',#3470,0.0018);
#73=CYLINDRICAL_SURFACE('',#3473,0.00180000000000002);
#74=CYLINDRICAL_SURFACE('',#3476,0.0018);
#75=CYLINDRICAL_SURFACE('',#3479,0.0018);
#76=CYLINDRICAL_SURFACE('',#3482,0.00180000000000002);
#77=CYLINDRICAL_SURFACE('',#3485,0.0018);
#78=CYLINDRICAL_SURFACE('',#3488,0.00180000000000002);
#79=CYLINDRICAL_SURFACE('',#3491,0.0018);
#80=CYLINDRICAL_SURFACE('',#3494,0.00180000000000002);
#81=CYLINDRICAL_SURFACE('',#3497,0.00180000000000002);
#82=CYLINDRICAL_SURFACE('',#3500,0.0055);
#83=CYLINDRICAL_SURFACE('',#3512,0.00180000000000002);
#84=CYLINDRICAL_SURFACE('',#3515,0.00180000000000002);
#85=CYLINDRICAL_SURFACE('',#3518,0.00180000000000002);
#86=CYLINDRICAL_SURFACE('',#3521,0.00180000000000002);
#87=CYLINDRICAL_SURFACE('',#3524,0.00180000000000002);
#88=CYLINDRICAL_SURFACE('',#3527,0.00180000000000002);
#89=CYLINDRICAL_SURFACE('',#3530,0.00180000000000002);
#90=CYLINDRICAL_SURFACE('',#3533,0.00180000000000002);
#91=CYLINDRICAL_SURFACE('',#3536,0.00180000000000002);
#92=CYLINDRICAL_SURFACE('',#3539,0.00180000000000002);
#93=CYLINDRICAL_SURFACE('',#3542,0.00180000000000002);
#94=CYLINDRICAL_SURFACE('',#3545,0.00180000000000002);
#95=CYLINDRICAL_SURFACE('',#3548,0.0018);
#96=CYLINDRICAL_SURFACE('',#3551,0.0018);
#97=CYLINDRICAL_SURFACE('',#3554,0.0018);
#98=CYLINDRICAL_SURFACE('',#3557,0.0018);
#99=CYLINDRICAL_SURFACE('',#3560,0.0018);
#100=CYLINDRICAL_SURFACE('',#3563,0.0018);
#101=CYLINDRICAL_SURFACE('',#3566,0.0018);
#102=CYLINDRICAL_SURFACE('',#3569,0.0018);
#103=CYLINDRICAL_SURFACE('',#3572,0.0018);
#104=CYLINDRICAL_SURFACE('',#3575,0.0018);
#105=CYLINDRICAL_SURFACE('',#3578,0.0018);
#106=CYLINDRICAL_SURFACE('',#3581,0.0018);
#107=CYLINDRICAL_SURFACE('',#3584,0.0018);
#108=CYLINDRICAL_SURFACE('',#3587,0.0018);
#109=CYLINDRICAL_SURFACE('',#3590,0.0018);
#110=CYLINDRICAL_SURFACE('',#3593,0.0018);
#111=CYLINDRICAL_SURFACE('',#3596,0.0018);
#112=CYLINDRICAL_SURFACE('',#3599,0.0018);
#113=CYLINDRICAL_SURFACE('',#3602,0.0018);
#114=CYLINDRICAL_SURFACE('',#3605,0.0018);
#115=CYLINDRICAL_SURFACE('',#3608,0.0018);
#116=CYLINDRICAL_SURFACE('',#3611,0.0018);
#117=CYLINDRICAL_SURFACE('',#3614,0.0018);
#118=CYLINDRICAL_SURFACE('',#3617,0.0018);
#119=CYLINDRICAL_SURFACE('',#3620,0.0018);
#120=CYLINDRICAL_SURFACE('',#3623,0.0018);
#121=CYLINDRICAL_SURFACE('',#3626,0.0018);
#122=CYLINDRICAL_SURFACE('',#3629,0.0018);
#123=CYLINDRICAL_SURFACE('',#3632,0.0018);
#124=CYLINDRICAL_SURFACE('',#3635,0.0018);
#125=CYLINDRICAL_SURFACE('',#3638,0.0021);
#126=CYLINDRICAL_SURFACE('',#3641,0.0021);
#127=CYLINDRICAL_SURFACE('',#3644,0.0055);
#128=CYLINDRICAL_SURFACE('',#3652,0.0085);
#129=CYLINDRICAL_SURFACE('',#3655,0.0055);
#130=CYLINDRICAL_SURFACE('',#3660,0.00425);
#131=CYLINDRICAL_SURFACE('',#3663,0.00325);
#132=CYLINDRICAL_SURFACE('',#3688,0.00425);
#133=CYLINDRICAL_SURFACE('',#3691,0.00325);
#134=CYLINDRICAL_SURFACE('',#3700,0.0085);
#135=CYLINDRICAL_SURFACE('',#3703,0.0055);
#136=LINE('',#4642,#307);
#137=LINE('',#4645,#308);
#138=LINE('',#4647,#309);
#139=LINE('',#4651,#310);
#140=LINE('',#4653,#311);
#141=LINE('',#4655,#312);
#142=LINE('',#4661,#313);
#143=LINE('',#4664,#314);
#144=LINE('',#4666,#315);
#145=LINE('',#4668,#316);
#146=LINE('',#4670,#317);
#147=LINE('',#4674,#318);
#148=LINE('',#4676,#319);
#149=LINE('',#4677,#320);
#150=LINE('',#4679,#321);
#151=LINE('',#4681,#322);
#152=LINE('',#4683,#323);
#153=LINE('',#4685,#324);
#154=LINE('',#4689,#325);
#155=LINE('',#4691,#326);
#156=LINE('',#4693,#327);
#157=LINE('',#4695,#328);
#158=LINE('',#4697,#329);
#159=LINE('',#4699,#330);
#160=LINE('',#4701,#331);
#161=LINE('',#4703,#332);
#162=LINE('',#4707,#333);
#163=LINE('',#4709,#334);
#164=LINE('',#4710,#335);
#165=LINE('',#4711,#336);
#166=LINE('',#4713,#337);
#167=LINE('',#4718,#338);
#168=LINE('',#4721,#339);
#169=LINE('',#4726,#340);
#170=LINE('',#4729,#341);
#171=LINE('',#4731,#342);
#172=LINE('',#4733,#343);
#173=LINE('',#4735,#344);
#174=LINE('',#4737,#345);
#175=LINE('',#4739,#346);
#176=LINE('',#4741,#347);
#177=LINE('',#4743,#348);
#178=LINE('',#4745,#349);
#179=LINE('',#4747,#350);
#180=LINE('',#4749,#351);
#181=LINE('',#4751,#352);
#182=LINE('',#4753,#353);
#183=LINE('',#4755,#354);
#184=LINE('',#4757,#355);
#185=LINE('',#4759,#356);
#186=LINE('',#4760,#357);
#187=LINE('',#4990,#358);
#188=LINE('',#4993,#359);
#189=LINE('',#4995,#360);
#190=LINE('',#4997,#361);
#191=LINE('',#4999,#362);
#192=LINE('',#5001,#363);
#193=LINE('',#5003,#364);
#194=LINE('',#5005,#365);
#195=LINE('',#5007,#366);
#196=LINE('',#5009,#367);
#197=LINE('',#5011,#368);
#198=LINE('',#5013,#369);
#199=LINE('',#5015,#370);
#200=LINE('',#5017,#371);
#201=LINE('',#5019,#372);
#202=LINE('',#5021,#373);
#203=LINE('',#5023,#374);
#204=LINE('',#5024,#375);
#205=LINE('',#5254,#376);
#206=LINE('',#5257,#377);
#207=LINE('',#5259,#378);
#208=LINE('',#5261,#379);
#209=LINE('',#5263,#380);
#210=LINE('',#5266,#381);
#211=LINE('',#5268,#382);
#212=LINE('',#5270,#383);
#213=LINE('',#5280,#384);
#214=LINE('',#5281,#385);
#215=LINE('',#5283,#386);
#216=LINE('',#5285,#387);
#217=LINE('',#5287,#388);
#218=LINE('',#5289,#389);
#219=LINE('',#5291,#390);
#220=LINE('',#5293,#391);
#221=LINE('',#5295,#392);
#222=LINE('',#5297,#393);
#223=LINE('',#5299,#394);
#224=LINE('',#5301,#395);
#225=LINE('',#5303,#396);
#226=LINE('',#5305,#397);
#227=LINE('',#5307,#398);
#228=LINE('',#5309,#399);
#229=LINE('',#5311,#400);
#230=LINE('',#5313,#401);
#231=LINE('',#5314,#402);
#232=LINE('',#5315,#403);
#233=LINE('',#5318,#404);
#234=LINE('',#5320,#405);
#235=LINE('',#5322,#406);
#236=LINE('',#5323,#407);
#237=LINE('',#5326,#408);
#238=LINE('',#5328,#409);
#239=LINE('',#5330,#410);
#240=LINE('',#5331,#411);
#241=LINE('',#5334,#412);
#242=LINE('',#5336,#413);
#243=LINE('',#5338,#414);
#244=LINE('',#5339,#415);
#245=LINE('',#5342,#416);
#246=LINE('',#5344,#417);
#247=LINE('',#5346,#418);
#248=LINE('',#5348,#419);
#249=LINE('',#5350,#420);
#250=LINE('',#5352,#421);
#251=LINE('',#5358,#422);
#252=LINE('',#5365,#423);
#253=LINE('',#5368,#424);
#254=LINE('',#5369,#425);
#255=LINE('',#5371,#426);
#256=LINE('',#5373,#427);
#257=LINE('',#5375,#428);
#258=LINE('',#5377,#429);
#259=LINE('',#5379,#430);
#260=LINE('',#5382,#431);
#261=LINE('',#5383,#432);
#262=LINE('',#5385,#433);
#263=LINE('',#5387,#434);
#264=LINE('',#5389,#435);
#265=LINE('',#5391,#436);
#266=LINE('',#5393,#437);
#267=LINE('',#5396,#438);
#268=LINE('',#5397,#439);
#269=LINE('',#5399,#440);
#270=LINE('',#5401,#441);
#271=LINE('',#5403,#442);
#272=LINE('',#5405,#443);
#273=LINE('',#5407,#444);
#274=LINE('',#5410,#445);
#275=LINE('',#5411,#446);
#276=LINE('',#5413,#447);
#277=LINE('',#5415,#448);
#278=LINE('',#5417,#449);
#279=LINE('',#5419,#450);
#280=LINE('',#5421,#451);
#281=LINE('',#5424,#452);
#282=LINE('',#5425,#453);
#283=LINE('',#5427,#454);
#284=LINE('',#5429,#455);
#285=LINE('',#5430,#456);
#286=LINE('',#5432,#457);
#287=LINE('',#5434,#458);
#288=LINE('',#5436,#459);
#289=LINE('',#5438,#460);
#290=LINE('',#5440,#461);
#291=LINE('',#5442,#462);
#292=LINE('',#5444,#463);
#293=LINE('',#5445,#464);
#294=LINE('',#5446,#465);
#295=LINE('',#5447,#466);
#296=LINE('',#5449,#467);
#297=LINE('',#5451,#468);
#298=LINE('',#5454,#469);
#299=LINE('',#5456,#470);
#300=LINE('',#5458,#471);
#301=LINE('',#5472,#472);
#302=LINE('',#5475,#473);
#303=LINE('',#5476,#474);
#304=LINE('',#5478,#475);
#305=LINE('',#5480,#476);
#306=LINE('',#5482,#477);
#307=VECTOR('',#3719,1.);
#308=VECTOR('',#3720,1.);
#309=VECTOR('',#3721,1.);
#310=VECTOR('',#3724,1.);
#311=VECTOR('',#3725,1.);
#312=VECTOR('',#3726,1.);
#313=VECTOR('',#3733,1.);
#314=VECTOR('',#3734,1.);
#315=VECTOR('',#3735,1.);
#316=VECTOR('',#3736,1.);
#317=VECTOR('',#3737,1.);
#318=VECTOR('',#3740,1.);
#319=VECTOR('',#3743,1.);
#320=VECTOR('',#3744,1.);
#321=VECTOR('',#3747,1.);
#322=VECTOR('',#3750,1.);
#323=VECTOR('',#3753,1.);
#324=VECTOR('',#3756,1.);
#325=VECTOR('',#3761,1.);
#326=VECTOR('',#3762,1.);
#327=VECTOR('',#3763,1.);
#328=VECTOR('',#3764,1.);
#329=VECTOR('',#3765,1.);
#330=VECTOR('',#3768,1.);
#331=VECTOR('',#3769,1.);
#332=VECTOR('',#3770,1.);
#333=VECTOR('',#3775,1.);
#334=VECTOR('',#3776,1.);
#335=VECTOR('',#3777,1.);
#336=VECTOR('',#3778,1.);
#337=VECTOR('',#3779,1.);
#338=VECTOR('',#3788,1.);
#339=VECTOR('',#3793,1.);
#340=VECTOR('',#3802,1.);
#341=VECTOR('',#3803,1.);
#342=VECTOR('',#3804,1.);
#343=VECTOR('',#3805,1.);
#344=VECTOR('',#3808,1.);
#345=VECTOR('',#3809,1.);
#346=VECTOR('',#3810,1.);
#347=VECTOR('',#3813,1.);
#348=VECTOR('',#3814,1.);
#349=VECTOR('',#3815,1.);
#350=VECTOR('',#3818,1.);
#351=VECTOR('',#3819,1.);
#352=VECTOR('',#3820,1.);
#353=VECTOR('',#3823,1.);
#354=VECTOR('',#3824,1.);
#355=VECTOR('',#3825,1.);
#356=VECTOR('',#3828,1.);
#357=VECTOR('',#3829,1.);
#358=VECTOR('',#4108,1.);
#359=VECTOR('',#4109,1.);
#360=VECTOR('',#4110,1.);
#361=VECTOR('',#4111,1.);
#362=VECTOR('',#4114,1.);
#363=VECTOR('',#4115,1.);
#364=VECTOR('',#4116,1.);
#365=VECTOR('',#4119,1.);
#366=VECTOR('',#4120,1.);
#367=VECTOR('',#4121,1.);
#368=VECTOR('',#4124,1.);
#369=VECTOR('',#4125,1.);
#370=VECTOR('',#4126,1.);
#371=VECTOR('',#4129,1.);
#372=VECTOR('',#4130,1.);
#373=VECTOR('',#4131,1.);
#374=VECTOR('',#4134,1.);
#375=VECTOR('',#4135,1.);
#376=VECTOR('',#4414,1.);
#377=VECTOR('',#4415,1.);
#378=VECTOR('',#4416,1.);
#379=VECTOR('',#4417,1.);
#380=VECTOR('',#4420,1.);
#381=VECTOR('',#4421,1.);
#382=VECTOR('',#4422,1.);
#383=VECTOR('',#4423,1.);
#384=VECTOR('',#4438,1.);
#385=VECTOR('',#4439,1.);
#386=VECTOR('',#4440,1.);
#387=VECTOR('',#4441,1.);
#388=VECTOR('',#4442,1.);
#389=VECTOR('',#4443,1.);
#390=VECTOR('',#4444,1.);
#391=VECTOR('',#4445,1.);
#392=VECTOR('',#4446,1.);
#393=VECTOR('',#4447,1.);
#394=VECTOR('',#4448,1.);
#395=VECTOR('',#4449,1.);
#396=VECTOR('',#4450,1.);
#397=VECTOR('',#4451,1.);
#398=VECTOR('',#4452,1.);
#399=VECTOR('',#4453,1.);
#400=VECTOR('',#4454,1.);
#401=VECTOR('',#4455,1.);
#402=VECTOR('',#4456,1.);
#403=VECTOR('',#4457,1.);
#404=VECTOR('',#4458,1.);
#405=VECTOR('',#4459,1.);
#406=VECTOR('',#4460,1.);
#407=VECTOR('',#4461,1.);
#408=VECTOR('',#4462,1.);
#409=VECTOR('',#4463,1.);
#410=VECTOR('',#4464,1.);
#411=VECTOR('',#4465,1.);
#412=VECTOR('',#4466,1.);
#413=VECTOR('',#4467,1.);
#414=VECTOR('',#4468,1.);
#415=VECTOR('',#4469,1.);
#416=VECTOR('',#4470,1.);
#417=VECTOR('',#4471,1.);
#418=VECTOR('',#4472,1.);
#419=VECTOR('',#4475,1.);
#420=VECTOR('',#4476,1.);
#421=VECTOR('',#4477,1.);
#422=VECTOR('',#4484,1.);
#423=VECTOR('',#4493,1.);
#424=VECTOR('',#4494,1.);
#425=VECTOR('',#4495,1.);
#426=VECTOR('',#4498,1.);
#427=VECTOR('',#4499,1.);
#428=VECTOR('',#4502,1.);
#429=VECTOR('',#4503,1.);
#430=VECTOR('',#4506,1.);
#431=VECTOR('',#4507,1.);
#432=VECTOR('',#4508,1.);
#433=VECTOR('',#4511,1.);
#434=VECTOR('',#4512,1.);
#435=VECTOR('',#4515,1.);
#436=VECTOR('',#4516,1.);
#437=VECTOR('',#4519,1.);
#438=VECTOR('',#4520,1.);
#439=VECTOR('',#4521,1.);
#440=VECTOR('',#4524,1.);
#441=VECTOR('',#4525,1.);
#442=VECTOR('',#4528,1.);
#443=VECTOR('',#4529,1.);
#444=VECTOR('',#4532,1.);
#445=VECTOR('',#4533,1.);
#446=VECTOR('',#4534,1.);
#447=VECTOR('',#4537,1.);
#448=VECTOR('',#4538,1.);
#449=VECTOR('',#4541,1.);
#450=VECTOR('',#4542,1.);
#451=VECTOR('',#4545,1.);
#452=VECTOR('',#4546,1.);
#453=VECTOR('',#4547,1.);
#454=VECTOR('',#4550,1.);
#455=VECTOR('',#4551,1.);
#456=VECTOR('',#4552,1.);
#457=VECTOR('',#4555,1.);
#458=VECTOR('',#4556,1.);
#459=VECTOR('',#4559,1.);
#460=VECTOR('',#4562,1.);
#461=VECTOR('',#4565,1.);
#462=VECTOR('',#4568,1.);
#463=VECTOR('',#4569,1.);
#464=VECTOR('',#4570,1.);
#465=VECTOR('',#4571,1.);
#466=VECTOR('',#4572,1.);
#467=VECTOR('',#4573,1.);
#468=VECTOR('',#4576,1.);
#469=VECTOR('',#4581,1.);
#470=VECTOR('',#4582,1.);
#471=VECTOR('',#4583,1.);
#472=VECTOR('',#4606,1.);
#473=VECTOR('',#4607,1.);
#474=VECTOR('',#4608,1.);
#475=VECTOR('',#4611,1.);
#476=VECTOR('',#4612,1.);
#477=VECTOR('',#4613,1.);
#478=ORIENTED_EDGE('',*,*,#1228,.F.);
#479=ORIENTED_EDGE('',*,*,#1229,.F.);
#480=ORIENTED_EDGE('',*,*,#1230,.F.);
#481=ORIENTED_EDGE('',*,*,#1231,.T.);
#482=ORIENTED_EDGE('',*,*,#1232,.F.);
#483=ORIENTED_EDGE('',*,*,#1233,.T.);
#484=ORIENTED_EDGE('',*,*,#1234,.T.);
#485=ORIENTED_EDGE('',*,*,#1235,.T.);
#486=ORIENTED_EDGE('',*,*,#1236,.F.);
#487=ORIENTED_EDGE('',*,*,#1237,.T.);
#488=ORIENTED_EDGE('',*,*,#1238,.T.);
#489=ORIENTED_EDGE('',*,*,#1239,.F.);
#490=ORIENTED_EDGE('',*,*,#1240,.T.);
#491=ORIENTED_EDGE('',*,*,#1241,.T.);
#492=ORIENTED_EDGE('',*,*,#1242,.F.);
#493=ORIENTED_EDGE('',*,*,#1243,.F.);
#494=ORIENTED_EDGE('',*,*,#1244,.F.);
#495=ORIENTED_EDGE('',*,*,#1245,.T.);
#496=ORIENTED_EDGE('',*,*,#1244,.T.);
#497=ORIENTED_EDGE('',*,*,#1246,.F.);
#498=ORIENTED_EDGE('',*,*,#1233,.F.);
#499=ORIENTED_EDGE('',*,*,#1247,.T.);
#500=ORIENTED_EDGE('',*,*,#1243,.T.);
#501=ORIENTED_EDGE('',*,*,#1248,.F.);
#502=ORIENTED_EDGE('',*,*,#1234,.F.);
#503=ORIENTED_EDGE('',*,*,#1246,.T.);
#504=ORIENTED_EDGE('',*,*,#1242,.T.);
#505=ORIENTED_EDGE('',*,*,#1249,.F.);
#506=ORIENTED_EDGE('',*,*,#1235,.F.);
#507=ORIENTED_EDGE('',*,*,#1248,.T.);
#508=ORIENTED_EDGE('',*,*,#1241,.F.);
#509=ORIENTED_EDGE('',*,*,#1250,.F.);
#510=ORIENTED_EDGE('',*,*,#1236,.T.);
#511=ORIENTED_EDGE('',*,*,#1249,.T.);
#512=ORIENTED_EDGE('',*,*,#1240,.F.);
#513=ORIENTED_EDGE('',*,*,#1251,.F.);
#514=ORIENTED_EDGE('',*,*,#1230,.T.);
#515=ORIENTED_EDGE('',*,*,#1250,.T.);
#516=ORIENTED_EDGE('',*,*,#1252,.F.);
#517=ORIENTED_EDGE('',*,*,#1251,.T.);
#518=ORIENTED_EDGE('',*,*,#1253,.T.);
#519=ORIENTED_EDGE('',*,*,#1254,.T.);
#520=ORIENTED_EDGE('',*,*,#1255,.F.);
#521=ORIENTED_EDGE('',*,*,#1256,.F.);
#522=ORIENTED_EDGE('',*,*,#1257,.T.);
#523=ORIENTED_EDGE('',*,*,#1255,.T.);
#524=ORIENTED_EDGE('',*,*,#1258,.T.);
#525=ORIENTED_EDGE('',*,*,#1259,.F.);
#526=ORIENTED_EDGE('',*,*,#1260,.F.);
#527=ORIENTED_EDGE('',*,*,#1261,.F.);
#528=ORIENTED_EDGE('',*,*,#1259,.T.);
#529=ORIENTED_EDGE('',*,*,#1262,.T.);
#530=ORIENTED_EDGE('',*,*,#1263,.F.);
#531=ORIENTED_EDGE('',*,*,#1264,.F.);
#532=ORIENTED_EDGE('',*,*,#1265,.F.);
#533=ORIENTED_EDGE('',*,*,#1266,.F.);
#534=ORIENTED_EDGE('',*,*,#1245,.F.);
#535=ORIENTED_EDGE('',*,*,#1247,.F.);
#536=ORIENTED_EDGE('',*,*,#1232,.T.);
#537=ORIENTED_EDGE('',*,*,#1264,.T.);
#538=ORIENTED_EDGE('',*,*,#1228,.T.);
#539=ORIENTED_EDGE('',*,*,#1238,.F.);
#540=ORIENTED_EDGE('',*,*,#1229,.T.);
#541=ORIENTED_EDGE('',*,*,#1237,.F.);
#542=ORIENTED_EDGE('',*,*,#1262,.F.);
#543=ORIENTED_EDGE('',*,*,#1258,.F.);
#544=ORIENTED_EDGE('',*,*,#1254,.F.);
#545=ORIENTED_EDGE('',*,*,#1267,.F.);
#546=ORIENTED_EDGE('',*,*,#1253,.F.);
#547=ORIENTED_EDGE('',*,*,#1239,.T.);
#548=ORIENTED_EDGE('',*,*,#1263,.T.);
#549=ORIENTED_EDGE('',*,*,#1267,.T.);
#550=ORIENTED_EDGE('',*,*,#1231,.F.);
#551=ORIENTED_EDGE('',*,*,#1257,.F.);
#552=ORIENTED_EDGE('',*,*,#1268,.F.);
#553=ORIENTED_EDGE('',*,*,#1265,.T.);
#554=ORIENTED_EDGE('',*,*,#1266,.T.);
#555=ORIENTED_EDGE('',*,*,#1268,.T.);
#556=ORIENTED_EDGE('',*,*,#1256,.T.);
#557=ORIENTED_EDGE('',*,*,#1260,.T.);
#558=ORIENTED_EDGE('',*,*,#1261,.T.);
#559=ORIENTED_EDGE('',*,*,#1252,.T.);
#560=ORIENTED_EDGE('',*,*,#1269,.F.);
#561=ORIENTED_EDGE('',*,*,#1270,.F.);
#562=ORIENTED_EDGE('',*,*,#1271,.T.);
#563=ORIENTED_EDGE('',*,*,#1272,.T.);
#564=ORIENTED_EDGE('',*,*,#1273,.T.);
#565=ORIENTED_EDGE('',*,*,#1274,.F.);
#566=ORIENTED_EDGE('',*,*,#1275,.F.);
#567=ORIENTED_EDGE('',*,*,#1270,.T.);
#568=ORIENTED_EDGE('',*,*,#1276,.F.);
#569=ORIENTED_EDGE('',*,*,#1277,.F.);
#570=ORIENTED_EDGE('',*,*,#1278,.T.);
#571=ORIENTED_EDGE('',*,*,#1274,.T.);
#572=ORIENTED_EDGE('',*,*,#1279,.T.);
#573=ORIENTED_EDGE('',*,*,#1280,.F.);
#574=ORIENTED_EDGE('',*,*,#1281,.F.);
#575=ORIENTED_EDGE('',*,*,#1277,.T.);
#576=ORIENTED_EDGE('',*,*,#1282,.T.);
#577=ORIENTED_EDGE('',*,*,#1283,.F.);
#578=ORIENTED_EDGE('',*,*,#1284,.F.);
#579=ORIENTED_EDGE('',*,*,#1280,.T.);
#580=ORIENTED_EDGE('',*,*,#1285,.F.);
#581=ORIENTED_EDGE('',*,*,#1272,.F.);
#582=ORIENTED_EDGE('',*,*,#1286,.T.);
#583=ORIENTED_EDGE('',*,*,#1283,.T.);
#584=ORIENTED_EDGE('',*,*,#1287,.F.);
#585=ORIENTED_EDGE('',*,*,#1288,.T.);
#586=ORIENTED_EDGE('',*,*,#1289,.F.);
#587=ORIENTED_EDGE('',*,*,#1290,.T.);
#588=ORIENTED_EDGE('',*,*,#1291,.F.);
#589=ORIENTED_EDGE('',*,*,#1292,.T.);
#590=ORIENTED_EDGE('',*,*,#1293,.F.);
#591=ORIENTED_EDGE('',*,*,#1294,.T.);
#592=ORIENTED_EDGE('',*,*,#1295,.F.);
#593=ORIENTED_EDGE('',*,*,#1296,.T.);
#594=ORIENTED_EDGE('',*,*,#1297,.F.);
#595=ORIENTED_EDGE('',*,*,#1298,.T.);
#596=ORIENTED_EDGE('',*,*,#1299,.F.);
#597=ORIENTED_EDGE('',*,*,#1300,.T.);
#598=ORIENTED_EDGE('',*,*,#1301,.F.);
#599=ORIENTED_EDGE('',*,*,#1302,.T.);
#600=ORIENTED_EDGE('',*,*,#1303,.F.);
#601=ORIENTED_EDGE('',*,*,#1304,.T.);
#602=ORIENTED_EDGE('',*,*,#1305,.F.);
#603=ORIENTED_EDGE('',*,*,#1306,.T.);
#604=ORIENTED_EDGE('',*,*,#1307,.F.);
#605=ORIENTED_EDGE('',*,*,#1308,.T.);
#606=ORIENTED_EDGE('',*,*,#1309,.F.);
#607=ORIENTED_EDGE('',*,*,#1310,.T.);
#608=ORIENTED_EDGE('',*,*,#1311,.F.);
#609=ORIENTED_EDGE('',*,*,#1312,.T.);
#610=ORIENTED_EDGE('',*,*,#1313,.F.);
#611=ORIENTED_EDGE('',*,*,#1314,.T.);
#612=ORIENTED_EDGE('',*,*,#1315,.F.);
#613=ORIENTED_EDGE('',*,*,#1316,.T.);
#614=ORIENTED_EDGE('',*,*,#1317,.F.);
#615=ORIENTED_EDGE('',*,*,#1318,.T.);
#616=ORIENTED_EDGE('',*,*,#1319,.F.);
#617=ORIENTED_EDGE('',*,*,#1320,.T.);
#618=ORIENTED_EDGE('',*,*,#1321,.F.);
#619=ORIENTED_EDGE('',*,*,#1322,.T.);
#620=ORIENTED_EDGE('',*,*,#1323,.F.);
#621=ORIENTED_EDGE('',*,*,#1324,.T.);
#622=ORIENTED_EDGE('',*,*,#1325,.F.);
#623=ORIENTED_EDGE('',*,*,#1326,.T.);
#624=ORIENTED_EDGE('',*,*,#1327,.F.);
#625=ORIENTED_EDGE('',*,*,#1328,.T.);
#626=ORIENTED_EDGE('',*,*,#1329,.T.);
#627=ORIENTED_EDGE('',*,*,#1330,.F.);
#628=ORIENTED_EDGE('',*,*,#1331,.T.);
#629=ORIENTED_EDGE('',*,*,#1332,.F.);
#630=ORIENTED_EDGE('',*,*,#1333,.F.);
#631=ORIENTED_EDGE('',*,*,#1334,.T.);
#632=ORIENTED_EDGE('',*,*,#1335,.F.);
#633=ORIENTED_EDGE('',*,*,#1336,.T.);
#634=ORIENTED_EDGE('',*,*,#1337,.F.);
#635=ORIENTED_EDGE('',*,*,#1338,.T.);
#636=ORIENTED_EDGE('',*,*,#1339,.F.);
#637=ORIENTED_EDGE('',*,*,#1340,.T.);
#638=ORIENTED_EDGE('',*,*,#1341,.F.);
#639=ORIENTED_EDGE('',*,*,#1342,.T.);
#640=ORIENTED_EDGE('',*,*,#1343,.F.);
#641=ORIENTED_EDGE('',*,*,#1344,.T.);
#642=ORIENTED_EDGE('',*,*,#1345,.F.);
#643=ORIENTED_EDGE('',*,*,#1346,.T.);
#644=ORIENTED_EDGE('',*,*,#1347,.F.);
#645=ORIENTED_EDGE('',*,*,#1348,.T.);
#646=ORIENTED_EDGE('',*,*,#1349,.F.);
#647=ORIENTED_EDGE('',*,*,#1350,.T.);
#648=ORIENTED_EDGE('',*,*,#1351,.F.);
#649=ORIENTED_EDGE('',*,*,#1352,.T.);
#650=ORIENTED_EDGE('',*,*,#1353,.F.);
#651=ORIENTED_EDGE('',*,*,#1354,.T.);
#652=ORIENTED_EDGE('',*,*,#1355,.F.);
#653=ORIENTED_EDGE('',*,*,#1356,.T.);
#654=ORIENTED_EDGE('',*,*,#1357,.F.);
#655=ORIENTED_EDGE('',*,*,#1358,.T.);
#656=ORIENTED_EDGE('',*,*,#1359,.F.);
#657=ORIENTED_EDGE('',*,*,#1360,.T.);
#658=ORIENTED_EDGE('',*,*,#1361,.F.);
#659=ORIENTED_EDGE('',*,*,#1362,.T.);
#660=ORIENTED_EDGE('',*,*,#1363,.F.);
#661=ORIENTED_EDGE('',*,*,#1364,.T.);
#662=ORIENTED_EDGE('',*,*,#1365,.F.);
#663=ORIENTED_EDGE('',*,*,#1366,.T.);
#664=ORIENTED_EDGE('',*,*,#1367,.F.);
#665=ORIENTED_EDGE('',*,*,#1368,.T.);
#666=ORIENTED_EDGE('',*,*,#1369,.F.);
#667=ORIENTED_EDGE('',*,*,#1370,.T.);
#668=ORIENTED_EDGE('',*,*,#1371,.F.);
#669=ORIENTED_EDGE('',*,*,#1372,.T.);
#670=ORIENTED_EDGE('',*,*,#1373,.F.);
#671=ORIENTED_EDGE('',*,*,#1374,.T.);
#672=ORIENTED_EDGE('',*,*,#1375,.F.);
#673=ORIENTED_EDGE('',*,*,#1376,.T.);
#674=ORIENTED_EDGE('',*,*,#1373,.T.);
#675=ORIENTED_EDGE('',*,*,#1371,.T.);
#676=ORIENTED_EDGE('',*,*,#1369,.T.);
#677=ORIENTED_EDGE('',*,*,#1367,.T.);
#678=ORIENTED_EDGE('',*,*,#1365,.T.);
#679=ORIENTED_EDGE('',*,*,#1363,.T.);
#680=ORIENTED_EDGE('',*,*,#1361,.T.);
#681=ORIENTED_EDGE('',*,*,#1359,.T.);
#682=ORIENTED_EDGE('',*,*,#1357,.T.);
#683=ORIENTED_EDGE('',*,*,#1355,.T.);
#684=ORIENTED_EDGE('',*,*,#1353,.T.);
#685=ORIENTED_EDGE('',*,*,#1351,.T.);
#686=ORIENTED_EDGE('',*,*,#1349,.T.);
#687=ORIENTED_EDGE('',*,*,#1347,.T.);
#688=ORIENTED_EDGE('',*,*,#1345,.T.);
#689=ORIENTED_EDGE('',*,*,#1343,.T.);
#690=ORIENTED_EDGE('',*,*,#1341,.T.);
#691=ORIENTED_EDGE('',*,*,#1339,.T.);
#692=ORIENTED_EDGE('',*,*,#1337,.T.);
#693=ORIENTED_EDGE('',*,*,#1335,.T.);
#694=ORIENTED_EDGE('',*,*,#1333,.T.);
#695=ORIENTED_EDGE('',*,*,#1331,.F.);
#696=ORIENTED_EDGE('',*,*,#1329,.F.);
#697=ORIENTED_EDGE('',*,*,#1327,.T.);
#698=ORIENTED_EDGE('',*,*,#1325,.T.);
#699=ORIENTED_EDGE('',*,*,#1323,.T.);
#700=ORIENTED_EDGE('',*,*,#1321,.T.);
#701=ORIENTED_EDGE('',*,*,#1319,.T.);
#702=ORIENTED_EDGE('',*,*,#1317,.T.);
#703=ORIENTED_EDGE('',*,*,#1315,.T.);
#704=ORIENTED_EDGE('',*,*,#1313,.T.);
#705=ORIENTED_EDGE('',*,*,#1311,.T.);
#706=ORIENTED_EDGE('',*,*,#1309,.T.);
#707=ORIENTED_EDGE('',*,*,#1307,.T.);
#708=ORIENTED_EDGE('',*,*,#1305,.T.);
#709=ORIENTED_EDGE('',*,*,#1303,.T.);
#710=ORIENTED_EDGE('',*,*,#1301,.T.);
#711=ORIENTED_EDGE('',*,*,#1299,.T.);
#712=ORIENTED_EDGE('',*,*,#1297,.T.);
#713=ORIENTED_EDGE('',*,*,#1295,.T.);
#714=ORIENTED_EDGE('',*,*,#1293,.T.);
#715=ORIENTED_EDGE('',*,*,#1291,.T.);
#716=ORIENTED_EDGE('',*,*,#1289,.T.);
#717=ORIENTED_EDGE('',*,*,#1287,.T.);
#718=ORIENTED_EDGE('',*,*,#1271,.F.);
#719=ORIENTED_EDGE('',*,*,#1275,.T.);
#720=ORIENTED_EDGE('',*,*,#1278,.F.);
#721=ORIENTED_EDGE('',*,*,#1281,.T.);
#722=ORIENTED_EDGE('',*,*,#1284,.T.);
#723=ORIENTED_EDGE('',*,*,#1286,.F.);
#724=ORIENTED_EDGE('',*,*,#1375,.T.);
#725=ORIENTED_EDGE('',*,*,#1374,.F.);
#726=ORIENTED_EDGE('',*,*,#1372,.F.);
#727=ORIENTED_EDGE('',*,*,#1370,.F.);
#728=ORIENTED_EDGE('',*,*,#1368,.F.);
#729=ORIENTED_EDGE('',*,*,#1366,.F.);
#730=ORIENTED_EDGE('',*,*,#1364,.F.);
#731=ORIENTED_EDGE('',*,*,#1362,.F.);
#732=ORIENTED_EDGE('',*,*,#1360,.F.);
#733=ORIENTED_EDGE('',*,*,#1358,.F.);
#734=ORIENTED_EDGE('',*,*,#1356,.F.);
#735=ORIENTED_EDGE('',*,*,#1354,.F.);
#736=ORIENTED_EDGE('',*,*,#1352,.F.);
#737=ORIENTED_EDGE('',*,*,#1350,.F.);
#738=ORIENTED_EDGE('',*,*,#1348,.F.);
#739=ORIENTED_EDGE('',*,*,#1346,.F.);
#740=ORIENTED_EDGE('',*,*,#1344,.F.);
#741=ORIENTED_EDGE('',*,*,#1342,.F.);
#742=ORIENTED_EDGE('',*,*,#1340,.F.);
#743=ORIENTED_EDGE('',*,*,#1338,.F.);
#744=ORIENTED_EDGE('',*,*,#1336,.F.);
#745=ORIENTED_EDGE('',*,*,#1334,.F.);
#746=ORIENTED_EDGE('',*,*,#1332,.T.);
#747=ORIENTED_EDGE('',*,*,#1330,.T.);
#748=ORIENTED_EDGE('',*,*,#1328,.F.);
#749=ORIENTED_EDGE('',*,*,#1326,.F.);
#750=ORIENTED_EDGE('',*,*,#1324,.F.);
#751=ORIENTED_EDGE('',*,*,#1322,.F.);
#752=ORIENTED_EDGE('',*,*,#1320,.F.);
#753=ORIENTED_EDGE('',*,*,#1318,.F.);
#754=ORIENTED_EDGE('',*,*,#1316,.F.);
#755=ORIENTED_EDGE('',*,*,#1314,.F.);
#756=ORIENTED_EDGE('',*,*,#1312,.F.);
#757=ORIENTED_EDGE('',*,*,#1310,.F.);
#758=ORIENTED_EDGE('',*,*,#1308,.F.);
#759=ORIENTED_EDGE('',*,*,#1306,.F.);
#760=ORIENTED_EDGE('',*,*,#1304,.F.);
#761=ORIENTED_EDGE('',*,*,#1302,.F.);
#762=ORIENTED_EDGE('',*,*,#1300,.F.);
#763=ORIENTED_EDGE('',*,*,#1298,.F.);
#764=ORIENTED_EDGE('',*,*,#1296,.F.);
#765=ORIENTED_EDGE('',*,*,#1294,.F.);
#766=ORIENTED_EDGE('',*,*,#1292,.F.);
#767=ORIENTED_EDGE('',*,*,#1290,.F.);
#768=ORIENTED_EDGE('',*,*,#1288,.F.);
#769=ORIENTED_EDGE('',*,*,#1269,.T.);
#770=ORIENTED_EDGE('',*,*,#1285,.T.);
#771=ORIENTED_EDGE('',*,*,#1282,.F.);
#772=ORIENTED_EDGE('',*,*,#1279,.F.);
#773=ORIENTED_EDGE('',*,*,#1276,.T.);
#774=ORIENTED_EDGE('',*,*,#1273,.F.);
#775=ORIENTED_EDGE('',*,*,#1376,.F.);
#776=ORIENTED_EDGE('',*,*,#1377,.F.);
#777=ORIENTED_EDGE('',*,*,#1378,.F.);
#778=ORIENTED_EDGE('',*,*,#1379,.T.);
#779=ORIENTED_EDGE('',*,*,#1380,.T.);
#780=ORIENTED_EDGE('',*,*,#1381,.T.);
#781=ORIENTED_EDGE('',*,*,#1382,.F.);
#782=ORIENTED_EDGE('',*,*,#1383,.F.);
#783=ORIENTED_EDGE('',*,*,#1378,.T.);
#784=ORIENTED_EDGE('',*,*,#1384,.F.);
#785=ORIENTED_EDGE('',*,*,#1385,.F.);
#786=ORIENTED_EDGE('',*,*,#1386,.T.);
#787=ORIENTED_EDGE('',*,*,#1382,.T.);
#788=ORIENTED_EDGE('',*,*,#1387,.T.);
#789=ORIENTED_EDGE('',*,*,#1388,.F.);
#790=ORIENTED_EDGE('',*,*,#1389,.F.);
#791=ORIENTED_EDGE('',*,*,#1385,.T.);
#792=ORIENTED_EDGE('',*,*,#1390,.T.);
#793=ORIENTED_EDGE('',*,*,#1391,.F.);
#794=ORIENTED_EDGE('',*,*,#1392,.F.);
#795=ORIENTED_EDGE('',*,*,#1388,.T.);
#796=ORIENTED_EDGE('',*,*,#1393,.F.);
#797=ORIENTED_EDGE('',*,*,#1380,.F.);
#798=ORIENTED_EDGE('',*,*,#1394,.T.);
#799=ORIENTED_EDGE('',*,*,#1391,.T.);
#800=ORIENTED_EDGE('',*,*,#1395,.T.);
#801=ORIENTED_EDGE('',*,*,#1396,.F.);
#802=ORIENTED_EDGE('',*,*,#1397,.T.);
#803=ORIENTED_EDGE('',*,*,#1398,.F.);
#804=ORIENTED_EDGE('',*,*,#1399,.T.);
#805=ORIENTED_EDGE('',*,*,#1400,.F.);
#806=ORIENTED_EDGE('',*,*,#1401,.T.);
#807=ORIENTED_EDGE('',*,*,#1402,.F.);
#808=ORIENTED_EDGE('',*,*,#1403,.T.);
#809=ORIENTED_EDGE('',*,*,#1404,.F.);
#810=ORIENTED_EDGE('',*,*,#1405,.T.);
#811=ORIENTED_EDGE('',*,*,#1406,.F.);
#812=ORIENTED_EDGE('',*,*,#1407,.T.);
#813=ORIENTED_EDGE('',*,*,#1408,.F.);
#814=ORIENTED_EDGE('',*,*,#1409,.T.);
#815=ORIENTED_EDGE('',*,*,#1410,.F.);
#816=ORIENTED_EDGE('',*,*,#1411,.T.);
#817=ORIENTED_EDGE('',*,*,#1412,.F.);
#818=ORIENTED_EDGE('',*,*,#1413,.T.);
#819=ORIENTED_EDGE('',*,*,#1414,.F.);
#820=ORIENTED_EDGE('',*,*,#1415,.T.);
#821=ORIENTED_EDGE('',*,*,#1416,.F.);
#822=ORIENTED_EDGE('',*,*,#1417,.T.);
#823=ORIENTED_EDGE('',*,*,#1418,.F.);
#824=ORIENTED_EDGE('',*,*,#1419,.T.);
#825=ORIENTED_EDGE('',*,*,#1420,.F.);
#826=ORIENTED_EDGE('',*,*,#1421,.T.);
#827=ORIENTED_EDGE('',*,*,#1422,.F.);
#828=ORIENTED_EDGE('',*,*,#1423,.T.);
#829=ORIENTED_EDGE('',*,*,#1424,.F.);
#830=ORIENTED_EDGE('',*,*,#1425,.T.);
#831=ORIENTED_EDGE('',*,*,#1426,.F.);
#832=ORIENTED_EDGE('',*,*,#1427,.T.);
#833=ORIENTED_EDGE('',*,*,#1428,.F.);
#834=ORIENTED_EDGE('',*,*,#1429,.T.);
#835=ORIENTED_EDGE('',*,*,#1430,.F.);
#836=ORIENTED_EDGE('',*,*,#1431,.T.);
#837=ORIENTED_EDGE('',*,*,#1432,.F.);
#838=ORIENTED_EDGE('',*,*,#1433,.T.);
#839=ORIENTED_EDGE('',*,*,#1434,.F.);
#840=ORIENTED_EDGE('',*,*,#1435,.T.);
#841=ORIENTED_EDGE('',*,*,#1436,.F.);
#842=ORIENTED_EDGE('',*,*,#1437,.T.);
#843=ORIENTED_EDGE('',*,*,#1438,.F.);
#844=ORIENTED_EDGE('',*,*,#1439,.T.);
#845=ORIENTED_EDGE('',*,*,#1440,.F.);
#846=ORIENTED_EDGE('',*,*,#1441,.T.);
#847=ORIENTED_EDGE('',*,*,#1442,.F.);
#848=ORIENTED_EDGE('',*,*,#1443,.T.);
#849=ORIENTED_EDGE('',*,*,#1444,.F.);
#850=ORIENTED_EDGE('',*,*,#1445,.T.);
#851=ORIENTED_EDGE('',*,*,#1446,.F.);
#852=ORIENTED_EDGE('',*,*,#1447,.T.);
#853=ORIENTED_EDGE('',*,*,#1448,.F.);
#854=ORIENTED_EDGE('',*,*,#1449,.T.);
#855=ORIENTED_EDGE('',*,*,#1450,.F.);
#856=ORIENTED_EDGE('',*,*,#1451,.T.);
#857=ORIENTED_EDGE('',*,*,#1452,.F.);
#858=ORIENTED_EDGE('',*,*,#1453,.T.);
#859=ORIENTED_EDGE('',*,*,#1454,.F.);
#860=ORIENTED_EDGE('',*,*,#1455,.T.);
#861=ORIENTED_EDGE('',*,*,#1456,.F.);
#862=ORIENTED_EDGE('',*,*,#1457,.T.);
#863=ORIENTED_EDGE('',*,*,#1458,.F.);
#864=ORIENTED_EDGE('',*,*,#1459,.T.);
#865=ORIENTED_EDGE('',*,*,#1460,.F.);
#866=ORIENTED_EDGE('',*,*,#1461,.T.);
#867=ORIENTED_EDGE('',*,*,#1462,.F.);
#868=ORIENTED_EDGE('',*,*,#1463,.T.);
#869=ORIENTED_EDGE('',*,*,#1464,.F.);
#870=ORIENTED_EDGE('',*,*,#1465,.T.);
#871=ORIENTED_EDGE('',*,*,#1466,.F.);
#872=ORIENTED_EDGE('',*,*,#1467,.T.);
#873=ORIENTED_EDGE('',*,*,#1468,.F.);
#874=ORIENTED_EDGE('',*,*,#1469,.T.);
#875=ORIENTED_EDGE('',*,*,#1470,.F.);
#876=ORIENTED_EDGE('',*,*,#1471,.T.);
#877=ORIENTED_EDGE('',*,*,#1472,.F.);
#878=ORIENTED_EDGE('',*,*,#1473,.T.);
#879=ORIENTED_EDGE('',*,*,#1474,.F.);
#880=ORIENTED_EDGE('',*,*,#1475,.T.);
#881=ORIENTED_EDGE('',*,*,#1476,.F.);
#882=ORIENTED_EDGE('',*,*,#1477,.T.);
#883=ORIENTED_EDGE('',*,*,#1478,.F.);
#884=ORIENTED_EDGE('',*,*,#1479,.T.);
#885=ORIENTED_EDGE('',*,*,#1480,.F.);
#886=ORIENTED_EDGE('',*,*,#1481,.T.);
#887=ORIENTED_EDGE('',*,*,#1482,.F.);
#888=ORIENTED_EDGE('',*,*,#1483,.T.);
#889=ORIENTED_EDGE('',*,*,#1484,.F.);
#890=ORIENTED_EDGE('',*,*,#1481,.F.);
#891=ORIENTED_EDGE('',*,*,#1479,.F.);
#892=ORIENTED_EDGE('',*,*,#1477,.F.);
#893=ORIENTED_EDGE('',*,*,#1475,.F.);
#894=ORIENTED_EDGE('',*,*,#1473,.F.);
#895=ORIENTED_EDGE('',*,*,#1471,.F.);
#896=ORIENTED_EDGE('',*,*,#1469,.F.);
#897=ORIENTED_EDGE('',*,*,#1467,.F.);
#898=ORIENTED_EDGE('',*,*,#1465,.F.);
#899=ORIENTED_EDGE('',*,*,#1463,.F.);
#900=ORIENTED_EDGE('',*,*,#1461,.F.);
#901=ORIENTED_EDGE('',*,*,#1459,.F.);
#902=ORIENTED_EDGE('',*,*,#1457,.F.);
#903=ORIENTED_EDGE('',*,*,#1455,.F.);
#904=ORIENTED_EDGE('',*,*,#1453,.F.);
#905=ORIENTED_EDGE('',*,*,#1451,.F.);
#906=ORIENTED_EDGE('',*,*,#1449,.F.);
#907=ORIENTED_EDGE('',*,*,#1447,.F.);
#908=ORIENTED_EDGE('',*,*,#1445,.F.);
#909=ORIENTED_EDGE('',*,*,#1443,.F.);
#910=ORIENTED_EDGE('',*,*,#1441,.F.);
#911=ORIENTED_EDGE('',*,*,#1439,.F.);
#912=ORIENTED_EDGE('',*,*,#1437,.F.);
#913=ORIENTED_EDGE('',*,*,#1435,.F.);
#914=ORIENTED_EDGE('',*,*,#1433,.F.);
#915=ORIENTED_EDGE('',*,*,#1431,.F.);
#916=ORIENTED_EDGE('',*,*,#1429,.F.);
#917=ORIENTED_EDGE('',*,*,#1427,.F.);
#918=ORIENTED_EDGE('',*,*,#1425,.F.);
#919=ORIENTED_EDGE('',*,*,#1423,.F.);
#920=ORIENTED_EDGE('',*,*,#1421,.F.);
#921=ORIENTED_EDGE('',*,*,#1419,.F.);
#922=ORIENTED_EDGE('',*,*,#1417,.F.);
#923=ORIENTED_EDGE('',*,*,#1415,.F.);
#924=ORIENTED_EDGE('',*,*,#1413,.F.);
#925=ORIENTED_EDGE('',*,*,#1411,.F.);
#926=ORIENTED_EDGE('',*,*,#1409,.F.);
#927=ORIENTED_EDGE('',*,*,#1407,.F.);
#928=ORIENTED_EDGE('',*,*,#1405,.F.);
#929=ORIENTED_EDGE('',*,*,#1403,.F.);
#930=ORIENTED_EDGE('',*,*,#1401,.F.);
#931=ORIENTED_EDGE('',*,*,#1399,.F.);
#932=ORIENTED_EDGE('',*,*,#1397,.F.);
#933=ORIENTED_EDGE('',*,*,#1395,.F.);
#934=ORIENTED_EDGE('',*,*,#1379,.F.);
#935=ORIENTED_EDGE('',*,*,#1383,.T.);
#936=ORIENTED_EDGE('',*,*,#1386,.F.);
#937=ORIENTED_EDGE('',*,*,#1389,.T.);
#938=ORIENTED_EDGE('',*,*,#1392,.T.);
#939=ORIENTED_EDGE('',*,*,#1394,.F.);
#940=ORIENTED_EDGE('',*,*,#1483,.F.);
#941=ORIENTED_EDGE('',*,*,#1482,.T.);
#942=ORIENTED_EDGE('',*,*,#1480,.T.);
#943=ORIENTED_EDGE('',*,*,#1478,.T.);
#944=ORIENTED_EDGE('',*,*,#1476,.T.);
#945=ORIENTED_EDGE('',*,*,#1474,.T.);
#946=ORIENTED_EDGE('',*,*,#1472,.T.);
#947=ORIENTED_EDGE('',*,*,#1470,.T.);
#948=ORIENTED_EDGE('',*,*,#1468,.T.);
#949=ORIENTED_EDGE('',*,*,#1466,.T.);
#950=ORIENTED_EDGE('',*,*,#1464,.T.);
#951=ORIENTED_EDGE('',*,*,#1462,.T.);
#952=ORIENTED_EDGE('',*,*,#1460,.T.);
#953=ORIENTED_EDGE('',*,*,#1458,.T.);
#954=ORIENTED_EDGE('',*,*,#1456,.T.);
#955=ORIENTED_EDGE('',*,*,#1454,.T.);
#956=ORIENTED_EDGE('',*,*,#1452,.T.);
#957=ORIENTED_EDGE('',*,*,#1450,.T.);
#958=ORIENTED_EDGE('',*,*,#1448,.T.);
#959=ORIENTED_EDGE('',*,*,#1446,.T.);
#960=ORIENTED_EDGE('',*,*,#1444,.T.);
#961=ORIENTED_EDGE('',*,*,#1442,.T.);
#962=ORIENTED_EDGE('',*,*,#1440,.T.);
#963=ORIENTED_EDGE('',*,*,#1438,.T.);
#964=ORIENTED_EDGE('',*,*,#1436,.T.);
#965=ORIENTED_EDGE('',*,*,#1434,.T.);
#966=ORIENTED_EDGE('',*,*,#1432,.T.);
#967=ORIENTED_EDGE('',*,*,#1430,.T.);
#968=ORIENTED_EDGE('',*,*,#1428,.T.);
#969=ORIENTED_EDGE('',*,*,#1426,.T.);
#970=ORIENTED_EDGE('',*,*,#1424,.T.);
#971=ORIENTED_EDGE('',*,*,#1422,.T.);
#972=ORIENTED_EDGE('',*,*,#1420,.T.);
#973=ORIENTED_EDGE('',*,*,#1418,.T.);
#974=ORIENTED_EDGE('',*,*,#1416,.T.);
#975=ORIENTED_EDGE('',*,*,#1414,.T.);
#976=ORIENTED_EDGE('',*,*,#1412,.T.);
#977=ORIENTED_EDGE('',*,*,#1410,.T.);
#978=ORIENTED_EDGE('',*,*,#1408,.T.);
#979=ORIENTED_EDGE('',*,*,#1406,.T.);
#980=ORIENTED_EDGE('',*,*,#1404,.T.);
#981=ORIENTED_EDGE('',*,*,#1402,.T.);
#982=ORIENTED_EDGE('',*,*,#1400,.T.);
#983=ORIENTED_EDGE('',*,*,#1398,.T.);
#984=ORIENTED_EDGE('',*,*,#1396,.T.);
#985=ORIENTED_EDGE('',*,*,#1377,.T.);
#986=ORIENTED_EDGE('',*,*,#1393,.T.);
#987=ORIENTED_EDGE('',*,*,#1390,.F.);
#988=ORIENTED_EDGE('',*,*,#1387,.F.);
#989=ORIENTED_EDGE('',*,*,#1384,.T.);
#990=ORIENTED_EDGE('',*,*,#1381,.F.);
#991=ORIENTED_EDGE('',*,*,#1484,.T.);
#992=ORIENTED_EDGE('',*,*,#1485,.F.);
#993=ORIENTED_EDGE('',*,*,#1486,.T.);
#994=ORIENTED_EDGE('',*,*,#1487,.T.);
#995=ORIENTED_EDGE('',*,*,#1488,.F.);
#996=ORIENTED_EDGE('',*,*,#1489,.F.);
#997=ORIENTED_EDGE('',*,*,#1490,.T.);
#998=ORIENTED_EDGE('',*,*,#1491,.T.);
#999=ORIENTED_EDGE('',*,*,#1492,.F.);
#1000=ORIENTED_EDGE('',*,*,#1493,.F.);
#1001=ORIENTED_EDGE('',*,*,#1489,.T.);
#1002=ORIENTED_EDGE('',*,*,#1494,.T.);
#1003=ORIENTED_EDGE('',*,*,#1486,.F.);
#1004=ORIENTED_EDGE('',*,*,#1495,.F.);
#1005=ORIENTED_EDGE('',*,*,#1496,.T.);
#1006=ORIENTED_EDGE('',*,*,#1491,.F.);
#1007=ORIENTED_EDGE('',*,*,#1497,.T.);
#1008=ORIENTED_EDGE('',*,*,#1498,.F.);
#1009=ORIENTED_EDGE('',*,*,#1499,.F.);
#1010=ORIENTED_EDGE('',*,*,#1500,.F.);
#1011=ORIENTED_EDGE('',*,*,#1501,.F.);
#1012=ORIENTED_EDGE('',*,*,#1502,.T.);
#1013=ORIENTED_EDGE('',*,*,#1503,.T.);
#1014=ORIENTED_EDGE('',*,*,#1504,.F.);
#1015=ORIENTED_EDGE('',*,*,#1505,.F.);
#1016=ORIENTED_EDGE('',*,*,#1506,.T.);
#1017=ORIENTED_EDGE('',*,*,#1507,.T.);
#1018=ORIENTED_EDGE('',*,*,#1508,.F.);
#1019=ORIENTED_EDGE('',*,*,#1509,.F.);
#1020=ORIENTED_EDGE('',*,*,#1510,.T.);
#1021=ORIENTED_EDGE('',*,*,#1511,.T.);
#1022=ORIENTED_EDGE('',*,*,#1512,.F.);
#1023=ORIENTED_EDGE('',*,*,#1513,.F.);
#1024=ORIENTED_EDGE('',*,*,#1514,.T.);
#1025=ORIENTED_EDGE('',*,*,#1515,.T.);
#1026=ORIENTED_EDGE('',*,*,#1516,.F.);
#1027=ORIENTED_EDGE('',*,*,#1517,.T.);
#1028=ORIENTED_EDGE('',*,*,#1518,.T.);
#1029=ORIENTED_EDGE('',*,*,#1519,.F.);
#1030=ORIENTED_EDGE('',*,*,#1520,.F.);
#1031=ORIENTED_EDGE('',*,*,#1521,.T.);
#1032=ORIENTED_EDGE('',*,*,#1522,.T.);
#1033=ORIENTED_EDGE('',*,*,#1523,.F.);
#1034=ORIENTED_EDGE('',*,*,#1524,.F.);
#1035=ORIENTED_EDGE('',*,*,#1525,.T.);
#1036=ORIENTED_EDGE('',*,*,#1526,.T.);
#1037=ORIENTED_EDGE('',*,*,#1527,.F.);
#1038=ORIENTED_EDGE('',*,*,#1528,.F.);
#1039=ORIENTED_EDGE('',*,*,#1529,.T.);
#1040=ORIENTED_EDGE('',*,*,#1530,.T.);
#1041=ORIENTED_EDGE('',*,*,#1531,.F.);
#1042=ORIENTED_EDGE('',*,*,#1532,.F.);
#1043=ORIENTED_EDGE('',*,*,#1506,.F.);
#1044=ORIENTED_EDGE('',*,*,#1533,.F.);
#1045=ORIENTED_EDGE('',*,*,#1534,.T.);
#1046=ORIENTED_EDGE('',*,*,#1535,.F.);
#1047=ORIENTED_EDGE('',*,*,#1534,.F.);
#1048=ORIENTED_EDGE('',*,*,#1536,.F.);
#1049=ORIENTED_EDGE('',*,*,#1537,.T.);
#1050=ORIENTED_EDGE('',*,*,#1538,.T.);
#1051=ORIENTED_EDGE('',*,*,#1539,.T.);
#1052=ORIENTED_EDGE('',*,*,#1540,.F.);
#1053=ORIENTED_EDGE('',*,*,#1541,.F.);
#1054=ORIENTED_EDGE('',*,*,#1520,.T.);
#1055=ORIENTED_EDGE('',*,*,#1542,.T.);
#1056=ORIENTED_EDGE('',*,*,#1543,.T.);
#1057=ORIENTED_EDGE('',*,*,#1544,.F.);
#1058=ORIENTED_EDGE('',*,*,#1521,.F.);
#1059=ORIENTED_EDGE('',*,*,#1541,.T.);
#1060=ORIENTED_EDGE('',*,*,#1545,.T.);
#1061=ORIENTED_EDGE('',*,*,#1546,.F.);
#1062=ORIENTED_EDGE('',*,*,#1522,.F.);
#1063=ORIENTED_EDGE('',*,*,#1544,.T.);
#1064=ORIENTED_EDGE('',*,*,#1547,.F.);
#1065=ORIENTED_EDGE('',*,*,#1548,.F.);
#1066=ORIENTED_EDGE('',*,*,#1524,.T.);
#1067=ORIENTED_EDGE('',*,*,#1549,.T.);
#1068=ORIENTED_EDGE('',*,*,#1550,.T.);
#1069=ORIENTED_EDGE('',*,*,#1551,.F.);
#1070=ORIENTED_EDGE('',*,*,#1525,.F.);
#1071=ORIENTED_EDGE('',*,*,#1548,.T.);
#1072=ORIENTED_EDGE('',*,*,#1552,.T.);
#1073=ORIENTED_EDGE('',*,*,#1553,.F.);
#1074=ORIENTED_EDGE('',*,*,#1526,.F.);
#1075=ORIENTED_EDGE('',*,*,#1551,.T.);
#1076=ORIENTED_EDGE('',*,*,#1554,.F.);
#1077=ORIENTED_EDGE('',*,*,#1555,.F.);
#1078=ORIENTED_EDGE('',*,*,#1516,.T.);
#1079=ORIENTED_EDGE('',*,*,#1556,.T.);
#1080=ORIENTED_EDGE('',*,*,#1557,.T.);
#1081=ORIENTED_EDGE('',*,*,#1558,.F.);
#1082=ORIENTED_EDGE('',*,*,#1517,.F.);
#1083=ORIENTED_EDGE('',*,*,#1555,.T.);
#1084=ORIENTED_EDGE('',*,*,#1559,.T.);
#1085=ORIENTED_EDGE('',*,*,#1560,.F.);
#1086=ORIENTED_EDGE('',*,*,#1518,.F.);
#1087=ORIENTED_EDGE('',*,*,#1558,.T.);
#1088=ORIENTED_EDGE('',*,*,#1561,.F.);
#1089=ORIENTED_EDGE('',*,*,#1562,.F.);
#1090=ORIENTED_EDGE('',*,*,#1528,.T.);
#1091=ORIENTED_EDGE('',*,*,#1563,.T.);
#1092=ORIENTED_EDGE('',*,*,#1564,.T.);
#1093=ORIENTED_EDGE('',*,*,#1565,.F.);
#1094=ORIENTED_EDGE('',*,*,#1529,.F.);
#1095=ORIENTED_EDGE('',*,*,#1562,.T.);
#1096=ORIENTED_EDGE('',*,*,#1566,.T.);
#1097=ORIENTED_EDGE('',*,*,#1567,.F.);
#1098=ORIENTED_EDGE('',*,*,#1530,.F.);
#1099=ORIENTED_EDGE('',*,*,#1565,.T.);
#1100=ORIENTED_EDGE('',*,*,#1568,.F.);
#1101=ORIENTED_EDGE('',*,*,#1569,.F.);
#1102=ORIENTED_EDGE('',*,*,#1513,.T.);
#1103=ORIENTED_EDGE('',*,*,#1570,.T.);
#1104=ORIENTED_EDGE('',*,*,#1571,.T.);
#1105=ORIENTED_EDGE('',*,*,#1572,.F.);
#1106=ORIENTED_EDGE('',*,*,#1502,.F.);
#1107=ORIENTED_EDGE('',*,*,#1573,.T.);
#1108=ORIENTED_EDGE('',*,*,#1498,.T.);
#1109=ORIENTED_EDGE('',*,*,#1488,.T.);
#1110=ORIENTED_EDGE('',*,*,#1514,.F.);
#1111=ORIENTED_EDGE('',*,*,#1569,.T.);
#1112=ORIENTED_EDGE('',*,*,#1574,.T.);
#1113=ORIENTED_EDGE('',*,*,#1575,.F.);
#1114=ORIENTED_EDGE('',*,*,#1503,.F.);
#1115=ORIENTED_EDGE('',*,*,#1572,.T.);
#1116=ORIENTED_EDGE('',*,*,#1576,.F.);
#1117=ORIENTED_EDGE('',*,*,#1549,.F.);
#1118=ORIENTED_EDGE('',*,*,#1527,.T.);
#1119=ORIENTED_EDGE('',*,*,#1553,.T.);
#1120=ORIENTED_EDGE('',*,*,#1577,.F.);
#1121=ORIENTED_EDGE('',*,*,#1556,.F.);
#1122=ORIENTED_EDGE('',*,*,#1519,.T.);
#1123=ORIENTED_EDGE('',*,*,#1560,.T.);
#1124=ORIENTED_EDGE('',*,*,#1578,.F.);
#1125=ORIENTED_EDGE('',*,*,#1563,.F.);
#1126=ORIENTED_EDGE('',*,*,#1531,.T.);
#1127=ORIENTED_EDGE('',*,*,#1567,.T.);
#1128=ORIENTED_EDGE('',*,*,#1579,.F.);
#1129=ORIENTED_EDGE('',*,*,#1508,.T.);
#1130=ORIENTED_EDGE('',*,*,#1580,.T.);
#1131=ORIENTED_EDGE('',*,*,#1537,.F.);
#1132=ORIENTED_EDGE('',*,*,#1581,.F.);
#1133=ORIENTED_EDGE('',*,*,#1504,.T.);
#1134=ORIENTED_EDGE('',*,*,#1575,.T.);
#1135=ORIENTED_EDGE('',*,*,#1582,.F.);
#1136=ORIENTED_EDGE('',*,*,#1570,.F.);
#1137=ORIENTED_EDGE('',*,*,#1512,.T.);
#1138=ORIENTED_EDGE('',*,*,#1583,.T.);
#1139=ORIENTED_EDGE('',*,*,#1584,.F.);
#1140=ORIENTED_EDGE('',*,*,#1585,.F.);
#1141=ORIENTED_EDGE('',*,*,#1542,.F.);
#1142=ORIENTED_EDGE('',*,*,#1523,.T.);
#1143=ORIENTED_EDGE('',*,*,#1546,.T.);
#1144=ORIENTED_EDGE('',*,*,#1568,.T.);
#1145=ORIENTED_EDGE('',*,*,#1582,.T.);
#1146=ORIENTED_EDGE('',*,*,#1574,.F.);
#1147=ORIENTED_EDGE('',*,*,#1571,.F.);
#1148=ORIENTED_EDGE('',*,*,#1561,.T.);
#1149=ORIENTED_EDGE('',*,*,#1578,.T.);
#1150=ORIENTED_EDGE('',*,*,#1566,.F.);
#1151=ORIENTED_EDGE('',*,*,#1564,.F.);
#1152=ORIENTED_EDGE('',*,*,#1554,.T.);
#1153=ORIENTED_EDGE('',*,*,#1577,.T.);
#1154=ORIENTED_EDGE('',*,*,#1559,.F.);
#1155=ORIENTED_EDGE('',*,*,#1557,.F.);
#1156=ORIENTED_EDGE('',*,*,#1547,.T.);
#1157=ORIENTED_EDGE('',*,*,#1576,.T.);
#1158=ORIENTED_EDGE('',*,*,#1552,.F.);
#1159=ORIENTED_EDGE('',*,*,#1550,.F.);
#1160=ORIENTED_EDGE('',*,*,#1540,.T.);
#1161=ORIENTED_EDGE('',*,*,#1585,.T.);
#1162=ORIENTED_EDGE('',*,*,#1545,.F.);
#1163=ORIENTED_EDGE('',*,*,#1543,.F.);
#1164=ORIENTED_EDGE('',*,*,#1510,.F.);
#1165=ORIENTED_EDGE('',*,*,#1586,.T.);
#1166=ORIENTED_EDGE('',*,*,#1587,.T.);
#1167=ORIENTED_EDGE('',*,*,#1588,.T.);
#1168=ORIENTED_EDGE('',*,*,#1587,.F.);
#1169=ORIENTED_EDGE('',*,*,#1589,.T.);
#1170=ORIENTED_EDGE('',*,*,#1584,.T.);
#1171=ORIENTED_EDGE('',*,*,#1590,.T.);
#1172=ORIENTED_EDGE('',*,*,#1591,.F.);
#1173=ORIENTED_EDGE('',*,*,#1592,.F.);
#1174=ORIENTED_EDGE('',*,*,#1533,.T.);
#1175=ORIENTED_EDGE('',*,*,#1505,.T.);
#1176=ORIENTED_EDGE('',*,*,#1581,.T.);
#1177=ORIENTED_EDGE('',*,*,#1536,.T.);
#1178=ORIENTED_EDGE('',*,*,#1538,.F.);
#1179=ORIENTED_EDGE('',*,*,#1588,.F.);
#1180=ORIENTED_EDGE('',*,*,#1590,.F.);
#1181=ORIENTED_EDGE('',*,*,#1583,.F.);
#1182=ORIENTED_EDGE('',*,*,#1511,.F.);
#1183=ORIENTED_EDGE('',*,*,#1592,.T.);
#1184=ORIENTED_EDGE('',*,*,#1591,.T.);
#1185=ORIENTED_EDGE('',*,*,#1509,.T.);
#1186=ORIENTED_EDGE('',*,*,#1579,.T.);
#1187=ORIENTED_EDGE('',*,*,#1589,.F.);
#1188=ORIENTED_EDGE('',*,*,#1586,.F.);
#1189=ORIENTED_EDGE('',*,*,#1539,.F.);
#1190=ORIENTED_EDGE('',*,*,#1532,.T.);
#1191=ORIENTED_EDGE('',*,*,#1535,.T.);
#1192=ORIENTED_EDGE('',*,*,#1580,.F.);
#1193=ORIENTED_EDGE('',*,*,#1507,.F.);
#1194=ORIENTED_EDGE('',*,*,#1593,.T.);
#1195=ORIENTED_EDGE('',*,*,#1594,.T.);
#1196=ORIENTED_EDGE('',*,*,#1573,.F.);
#1197=ORIENTED_EDGE('',*,*,#1595,.F.);
#1198=ORIENTED_EDGE('',*,*,#1596,.F.);
#1199=ORIENTED_EDGE('',*,*,#1597,.F.);
#1200=ORIENTED_EDGE('',*,*,#1598,.T.);
#1201=ORIENTED_EDGE('',*,*,#1500,.T.);
#1202=ORIENTED_EDGE('',*,*,#1597,.T.);
#1203=ORIENTED_EDGE('',*,*,#1599,.T.);
#1204=ORIENTED_EDGE('',*,*,#1593,.F.);
#1205=ORIENTED_EDGE('',*,*,#1600,.F.);
#1206=ORIENTED_EDGE('',*,*,#1601,.F.);
#1207=ORIENTED_EDGE('',*,*,#1602,.T.);
#1208=ORIENTED_EDGE('',*,*,#1595,.T.);
#1209=ORIENTED_EDGE('',*,*,#1501,.T.);
#1210=ORIENTED_EDGE('',*,*,#1598,.F.);
#1211=ORIENTED_EDGE('',*,*,#1600,.T.);
#1212=ORIENTED_EDGE('',*,*,#1602,.F.);
#1213=ORIENTED_EDGE('',*,*,#1487,.F.);
#1214=ORIENTED_EDGE('',*,*,#1494,.F.);
#1215=ORIENTED_EDGE('',*,*,#1492,.T.);
#1216=ORIENTED_EDGE('',*,*,#1515,.F.);
#1217=ORIENTED_EDGE('',*,*,#1495,.T.);
#1218=ORIENTED_EDGE('',*,*,#1496,.F.);
#1219=ORIENTED_EDGE('',*,*,#1485,.T.);
#1220=ORIENTED_EDGE('',*,*,#1497,.F.);
#1221=ORIENTED_EDGE('',*,*,#1490,.F.);
#1222=ORIENTED_EDGE('',*,*,#1493,.T.);
#1223=ORIENTED_EDGE('',*,*,#1601,.T.);
#1224=ORIENTED_EDGE('',*,*,#1599,.F.);
#1225=ORIENTED_EDGE('',*,*,#1596,.T.);
#1226=ORIENTED_EDGE('',*,*,#1499,.T.);
#1227=ORIENTED_EDGE('',*,*,#1594,.F.);
#1228=EDGE_CURVE('',#1603,#1603,#1915,.T.);
#1229=EDGE_CURVE('',#1604,#1604,#1916,.T.);
#1230=EDGE_CURVE('',#1605,#1606,#136,.T.);
#1231=EDGE_CURVE('',#1605,#1607,#137,.T.);
#1232=EDGE_CURVE('',#1608,#1607,#138,.T.);
#1233=EDGE_CURVE('',#1608,#1609,#1917,.T.);
#1234=EDGE_CURVE('',#1609,#1610,#139,.T.);
#1235=EDGE_CURVE('',#1610,#1611,#140,.T.);
#1236=EDGE_CURVE('',#1606,#1611,#141,.T.);
#1237=EDGE_CURVE('',#1612,#1612,#1918,.T.);
#1238=EDGE_CURVE('',#1613,#1613,#1919,.T.);
#1239=EDGE_CURVE('',#1614,#1615,#142,.T.);
#1240=EDGE_CURVE('',#1614,#1616,#143,.T.);
#1241=EDGE_CURVE('',#1616,#1617,#144,.T.);
#1242=EDGE_CURVE('',#1618,#1617,#145,.T.);
#1243=EDGE_CURVE('',#1619,#1618,#146,.T.);
#1244=EDGE_CURVE('',#1620,#1619,#1920,.T.);
#1245=EDGE_CURVE('',#1620,#1615,#147,.T.);
#1246=EDGE_CURVE('',#1609,#1619,#148,.T.);
#1247=EDGE_CURVE('',#1608,#1620,#149,.T.);
#1248=EDGE_CURVE('',#1610,#1618,#150,.T.);
#1249=EDGE_CURVE('',#1611,#1617,#151,.T.);
#1250=EDGE_CURVE('',#1606,#1616,#152,.T.);
#1251=EDGE_CURVE('',#1605,#1614,#153,.T.);
#1252=EDGE_CURVE('',#1621,#1621,#1921,.T.);
#1253=EDGE_CURVE('',#1614,#1622,#154,.T.);
#1254=EDGE_CURVE('',#1622,#1623,#155,.T.);
#1255=EDGE_CURVE('',#1624,#1623,#156,.T.);
#1256=EDGE_CURVE('',#1625,#1624,#157,.T.);
#1257=EDGE_CURVE('',#1625,#1605,#158,.T.);
#1258=EDGE_CURVE('',#1623,#1626,#159,.T.);
#1259=EDGE_CURVE('',#1627,#1626,#160,.T.);
#1260=EDGE_CURVE('',#1624,#1627,#161,.T.);
#1261=EDGE_CURVE('',#1628,#1628,#1922,.T.);
#1262=EDGE_CURVE('',#1626,#1629,#162,.T.);
#1263=EDGE_CURVE('',#1615,#1629,#163,.T.);
#1264=EDGE_CURVE('',#1607,#1615,#164,.T.);
#1265=EDGE_CURVE('',#1630,#1607,#165,.T.);
#1266=EDGE_CURVE('',#1627,#1630,#166,.T.);
#1267=EDGE_CURVE('',#1629,#1622,#167,.T.);
#1268=EDGE_CURVE('',#1630,#1625,#168,.T.);
#1269=EDGE_CURVE('',#1631,#1632,#169,.T.);
#1270=EDGE_CURVE('',#1633,#1631,#170,.T.);
#1271=EDGE_CURVE('',#1633,#1634,#171,.T.);
#1272=EDGE_CURVE('',#1634,#1632,#172,.T.);
#1273=EDGE_CURVE('',#1631,#1635,#173,.T.);
#1274=EDGE_CURVE('',#1636,#1635,#174,.T.);
#1275=EDGE_CURVE('',#1633,#1636,#175,.T.);
#1276=EDGE_CURVE('',#1637,#1635,#176,.T.);
#1277=EDGE_CURVE('',#1638,#1637,#177,.T.);
#1278=EDGE_CURVE('',#1638,#1636,#178,.T.);
#1279=EDGE_CURVE('',#1637,#1639,#179,.T.);
#1280=EDGE_CURVE('',#1640,#1639,#180,.T.);
#1281=EDGE_CURVE('',#1638,#1640,#181,.T.);
#1282=EDGE_CURVE('',#1639,#1641,#182,.T.);
#1283=EDGE_CURVE('',#1642,#1641,#183,.T.);
#1284=EDGE_CURVE('',#1640,#1642,#184,.T.);
#1285=EDGE_CURVE('',#1632,#1641,#185,.T.);
#1286=EDGE_CURVE('',#1634,#1642,#186,.T.);
#1287=EDGE_CURVE('',#1643,#1643,#1923,.T.);
#1288=EDGE_CURVE('',#1644,#1644,#1924,.T.);
#1289=EDGE_CURVE('',#1645,#1645,#1925,.T.);
#1290=EDGE_CURVE('',#1646,#1646,#1926,.T.);
#1291=EDGE_CURVE('',#1647,#1647,#1927,.T.);
#1292=EDGE_CURVE('',#1648,#1648,#1928,.T.);
#1293=EDGE_CURVE('',#1649,#1649,#1929,.T.);
#1294=EDGE_CURVE('',#1650,#1650,#1930,.T.);
#1295=EDGE_CURVE('',#1651,#1651,#1931,.T.);
#1296=EDGE_CURVE('',#1652,#1652,#1932,.T.);
#1297=EDGE_CURVE('',#1653,#1653,#1933,.T.);
#1298=EDGE_CURVE('',#1654,#1654,#1934,.T.);
#1299=EDGE_CURVE('',#1655,#1655,#1935,.T.);
#1300=EDGE_CURVE('',#1656,#1656,#1936,.T.);
#1301=EDGE_CURVE('',#1657,#1657,#1937,.T.);
#1302=EDGE_CURVE('',#1658,#1658,#1938,.T.);
#1303=EDGE_CURVE('',#1659,#1659,#1939,.T.);
#1304=EDGE_CURVE('',#1660,#1660,#1940,.T.);
#1305=EDGE_CURVE('',#1661,#1661,#1941,.T.);
#1306=EDGE_CURVE('',#1662,#1662,#1942,.T.);
#1307=EDGE_CURVE('',#1663,#1663,#1943,.T.);
#1308=EDGE_CURVE('',#1664,#1664,#1944,.T.);
#1309=EDGE_CURVE('',#1665,#1665,#1945,.T.);
#1310=EDGE_CURVE('',#1666,#1666,#1946,.T.);
#1311=EDGE_CURVE('',#1667,#1667,#1947,.T.);
#1312=EDGE_CURVE('',#1668,#1668,#1948,.T.);
#1313=EDGE_CURVE('',#1669,#1669,#1949,.T.);
#1314=EDGE_CURVE('',#1670,#1670,#1950,.T.);
#1315=EDGE_CURVE('',#1671,#1671,#1951,.T.);
#1316=EDGE_CURVE('',#1672,#1672,#1952,.T.);
#1317=EDGE_CURVE('',#1673,#1673,#1953,.T.);
#1318=EDGE_CURVE('',#1674,#1674,#1954,.T.);
#1319=EDGE_CURVE('',#1675,#1675,#1955,.T.);
#1320=EDGE_CURVE('',#1676,#1676,#1956,.T.);
#1321=EDGE_CURVE('',#1677,#1677,#1957,.T.);
#1322=EDGE_CURVE('',#1678,#1678,#1958,.T.);
#1323=EDGE_CURVE('',#1679,#1679,#1959,.T.);
#1324=EDGE_CURVE('',#1680,#1680,#1960,.T.);
#1325=EDGE_CURVE('',#1681,#1681,#1961,.T.);
#1326=EDGE_CURVE('',#1682,#1682,#1962,.T.);
#1327=EDGE_CURVE('',#1683,#1683,#1963,.T.);
#1328=EDGE_CURVE('',#1684,#1684,#1964,.T.);
#1329=EDGE_CURVE('',#1685,#1685,#1965,.T.);
#1330=EDGE_CURVE('',#1686,#1686,#1966,.T.);
#1331=EDGE_CURVE('',#1687,#1687,#1967,.T.);
#1332=EDGE_CURVE('',#1688,#1688,#1968,.T.);
#1333=EDGE_CURVE('',#1689,#1689,#1969,.T.);
#1334=EDGE_CURVE('',#1690,#1690,#1970,.T.);
#1335=EDGE_CURVE('',#1691,#1691,#1971,.T.);
#1336=EDGE_CURVE('',#1692,#1692,#1972,.T.);
#1337=EDGE_CURVE('',#1693,#1693,#1973,.T.);
#1338=EDGE_CURVE('',#1694,#1694,#1974,.T.);
#1339=EDGE_CURVE('',#1695,#1695,#1975,.T.);
#1340=EDGE_CURVE('',#1696,#1696,#1976,.T.);
#1341=EDGE_CURVE('',#1697,#1697,#1977,.T.);
#1342=EDGE_CURVE('',#1698,#1698,#1978,.T.);
#1343=EDGE_CURVE('',#1699,#1699,#1979,.T.);
#1344=EDGE_CURVE('',#1700,#1700,#1980,.T.);
#1345=EDGE_CURVE('',#1701,#1701,#1981,.T.);
#1346=EDGE_CURVE('',#1702,#1702,#1982,.T.);
#1347=EDGE_CURVE('',#1703,#1703,#1983,.T.);
#1348=EDGE_CURVE('',#1704,#1704,#1984,.T.);
#1349=EDGE_CURVE('',#1705,#1705,#1985,.T.);
#1350=EDGE_CURVE('',#1706,#1706,#1986,.T.);
#1351=EDGE_CURVE('',#1707,#1707,#1987,.T.);
#1352=EDGE_CURVE('',#1708,#1708,#1988,.T.);
#1353=EDGE_CURVE('',#1709,#1709,#1989,.T.);
#1354=EDGE_CURVE('',#1710,#1710,#1990,.T.);
#1355=EDGE_CURVE('',#1711,#1711,#1991,.T.);
#1356=EDGE_CURVE('',#1712,#1712,#1992,.T.);
#1357=EDGE_CURVE('',#1713,#1713,#1993,.T.);
#1358=EDGE_CURVE('',#1714,#1714,#1994,.T.);
#1359=EDGE_CURVE('',#1715,#1715,#1995,.T.);
#1360=EDGE_CURVE('',#1716,#1716,#1996,.T.);
#1361=EDGE_CURVE('',#1717,#1717,#1997,.T.);
#1362=EDGE_CURVE('',#1718,#1718,#1998,.T.);
#1363=EDGE_CURVE('',#1719,#1719,#1999,.T.);
#1364=EDGE_CURVE('',#1720,#1720,#2000,.T.);
#1365=EDGE_CURVE('',#1721,#1721,#2001,.T.);
#1366=EDGE_CURVE('',#1722,#1722,#2002,.T.);
#1367=EDGE_CURVE('',#1723,#1723,#2003,.T.);
#1368=EDGE_CURVE('',#1724,#1724,#2004,.T.);
#1369=EDGE_CURVE('',#1725,#1725,#2005,.T.);
#1370=EDGE_CURVE('',#1726,#1726,#2006,.T.);
#1371=EDGE_CURVE('',#1727,#1727,#2007,.T.);
#1372=EDGE_CURVE('',#1728,#1728,#2008,.T.);
#1373=EDGE_CURVE('',#1729,#1729,#2009,.T.);
#1374=EDGE_CURVE('',#1730,#1730,#2010,.T.);
#1375=EDGE_CURVE('',#1731,#1731,#2011,.T.);
#1376=EDGE_CURVE('',#1732,#1732,#2012,.T.);
#1377=EDGE_CURVE('',#1733,#1734,#187,.T.);
#1378=EDGE_CURVE('',#1735,#1733,#188,.T.);
#1379=EDGE_CURVE('',#1735,#1736,#189,.T.);
#1380=EDGE_CURVE('',#1736,#1734,#190,.T.);
#1381=EDGE_CURVE('',#1733,#1737,#191,.T.);
#1382=EDGE_CURVE('',#1738,#1737,#192,.T.);
#1383=EDGE_CURVE('',#1735,#1738,#193,.T.);
#1384=EDGE_CURVE('',#1739,#1737,#194,.T.);
#1385=EDGE_CURVE('',#1740,#1739,#195,.T.);
#1386=EDGE_CURVE('',#1740,#1738,#196,.T.);
#1387=EDGE_CURVE('',#1739,#1741,#197,.T.);
#1388=EDGE_CURVE('',#1742,#1741,#198,.T.);
#1389=EDGE_CURVE('',#1740,#1742,#199,.T.);
#1390=EDGE_CURVE('',#1741,#1743,#200,.T.);
#1391=EDGE_CURVE('',#1744,#1743,#201,.T.);
#1392=EDGE_CURVE('',#1742,#1744,#202,.T.);
#1393=EDGE_CURVE('',#1734,#1743,#203,.T.);
#1394=EDGE_CURVE('',#1736,#1744,#204,.T.);
#1395=EDGE_CURVE('',#1745,#1745,#2013,.T.);
#1396=EDGE_CURVE('',#1746,#1746,#2014,.T.);
#1397=EDGE_CURVE('',#1747,#1747,#2015,.T.);
#1398=EDGE_CURVE('',#1748,#1748,#2016,.T.);
#1399=EDGE_CURVE('',#1749,#1749,#2017,.T.);
#1400=EDGE_CURVE('',#1750,#1750,#2018,.T.);
#1401=EDGE_CURVE('',#1751,#1751,#2019,.T.);
#1402=EDGE_CURVE('',#1752,#1752,#2020,.T.);
#1403=EDGE_CURVE('',#1753,#1753,#2021,.T.);
#1404=EDGE_CURVE('',#1754,#1754,#2022,.T.);
#1405=EDGE_CURVE('',#1755,#1755,#2023,.T.);
#1406=EDGE_CURVE('',#1756,#1756,#2024,.T.);
#1407=EDGE_CURVE('',#1757,#1757,#2025,.T.);
#1408=EDGE_CURVE('',#1758,#1758,#2026,.T.);
#1409=EDGE_CURVE('',#1759,#1759,#2027,.T.);
#1410=EDGE_CURVE('',#1760,#1760,#2028,.T.);
#1411=EDGE_CURVE('',#1761,#1761,#2029,.T.);
#1412=EDGE_CURVE('',#1762,#1762,#2030,.T.);
#1413=EDGE_CURVE('',#1763,#1763,#2031,.T.);
#1414=EDGE_CURVE('',#1764,#1764,#2032,.T.);
#1415=EDGE_CURVE('',#1765,#1765,#2033,.T.);
#1416=EDGE_CURVE('',#1766,#1766,#2034,.T.);
#1417=EDGE_CURVE('',#1767,#1767,#2035,.T.);
#1418=EDGE_CURVE('',#1768,#1768,#2036,.T.);
#1419=EDGE_CURVE('',#1769,#1769,#2037,.T.);
#1420=EDGE_CURVE('',#1770,#1770,#2038,.T.);
#1421=EDGE_CURVE('',#1771,#1771,#2039,.T.);
#1422=EDGE_CURVE('',#1772,#1772,#2040,.T.);
#1423=EDGE_CURVE('',#1773,#1773,#2041,.T.);
#1424=EDGE_CURVE('',#1774,#1774,#2042,.T.);
#1425=EDGE_CURVE('',#1775,#1775,#2043,.T.);
#1426=EDGE_CURVE('',#1776,#1776,#2044,.T.);
#1427=EDGE_CURVE('',#1777,#1777,#2045,.T.);
#1428=EDGE_CURVE('',#1778,#1778,#2046,.T.);
#1429=EDGE_CURVE('',#1779,#1779,#2047,.T.);
#1430=EDGE_CURVE('',#1780,#1780,#2048,.T.);
#1431=EDGE_CURVE('',#1781,#1781,#2049,.T.);
#1432=EDGE_CURVE('',#1782,#1782,#2050,.T.);
#1433=EDGE_CURVE('',#1783,#1783,#2051,.T.);
#1434=EDGE_CURVE('',#1784,#1784,#2052,.T.);
#1435=EDGE_CURVE('',#1785,#1785,#2053,.T.);
#1436=EDGE_CURVE('',#1786,#1786,#2054,.T.);
#1437=EDGE_CURVE('',#1787,#1787,#2055,.T.);
#1438=EDGE_CURVE('',#1788,#1788,#2056,.T.);
#1439=EDGE_CURVE('',#1789,#1789,#2057,.T.);
#1440=EDGE_CURVE('',#1790,#1790,#2058,.T.);
#1441=EDGE_CURVE('',#1791,#1791,#2059,.T.);
#1442=EDGE_CURVE('',#1792,#1792,#2060,.T.);
#1443=EDGE_CURVE('',#1793,#1793,#2061,.T.);
#1444=EDGE_CURVE('',#1794,#1794,#2062,.T.);
#1445=EDGE_CURVE('',#1795,#1795,#2063,.T.);
#1446=EDGE_CURVE('',#1796,#1796,#2064,.T.);
#1447=EDGE_CURVE('',#1797,#1797,#2065,.T.);
#1448=EDGE_CURVE('',#1798,#1798,#2066,.T.);
#1449=EDGE_CURVE('',#1799,#1799,#2067,.T.);
#1450=EDGE_CURVE('',#1800,#1800,#2068,.T.);
#1451=EDGE_CURVE('',#1801,#1801,#2069,.T.);
#1452=EDGE_CURVE('',#1802,#1802,#2070,.T.);
#1453=EDGE_CURVE('',#1803,#1803,#2071,.T.);
#1454=EDGE_CURVE('',#1804,#1804,#2072,.T.);
#1455=EDGE_CURVE('',#1805,#1805,#2073,.T.);
#1456=EDGE_CURVE('',#1806,#1806,#2074,.T.);
#1457=EDGE_CURVE('',#1807,#1807,#2075,.T.);
#1458=EDGE_CURVE('',#1808,#1808,#2076,.T.);
#1459=EDGE_CURVE('',#1809,#1809,#2077,.T.);
#1460=EDGE_CURVE('',#1810,#1810,#2078,.T.);
#1461=EDGE_CURVE('',#1811,#1811,#2079,.T.);
#1462=EDGE_CURVE('',#1812,#1812,#2080,.T.);
#1463=EDGE_CURVE('',#1813,#1813,#2081,.T.);
#1464=EDGE_CURVE('',#1814,#1814,#2082,.T.);
#1465=EDGE_CURVE('',#1815,#1815,#2083,.T.);
#1466=EDGE_CURVE('',#1816,#1816,#2084,.T.);
#1467=EDGE_CURVE('',#1817,#1817,#2085,.T.);
#1468=EDGE_CURVE('',#1818,#1818,#2086,.T.);
#1469=EDGE_CURVE('',#1819,#1819,#2087,.T.);
#1470=EDGE_CURVE('',#1820,#1820,#2088,.T.);
#1471=EDGE_CURVE('',#1821,#1821,#2089,.T.);
#1472=EDGE_CURVE('',#1822,#1822,#2090,.T.);
#1473=EDGE_CURVE('',#1823,#1823,#2091,.T.);
#1474=EDGE_CURVE('',#1824,#1824,#2092,.T.);
#1475=EDGE_CURVE('',#1825,#1825,#2093,.T.);
#1476=EDGE_CURVE('',#1826,#1826,#2094,.T.);
#1477=EDGE_CURVE('',#1827,#1827,#2095,.T.);
#1478=EDGE_CURVE('',#1828,#1828,#2096,.T.);
#1479=EDGE_CURVE('',#1829,#1829,#2097,.T.);
#1480=EDGE_CURVE('',#1830,#1830,#2098,.T.);
#1481=EDGE_CURVE('',#1831,#1831,#2099,.T.);
#1482=EDGE_CURVE('',#1832,#1832,#2100,.T.);
#1483=EDGE_CURVE('',#1833,#1833,#2101,.T.);
#1484=EDGE_CURVE('',#1834,#1834,#2102,.T.);
#1485=EDGE_CURVE('',#1835,#1836,#205,.T.);
#1486=EDGE_CURVE('',#1835,#1837,#206,.T.);
#1487=EDGE_CURVE('',#1837,#1838,#207,.T.);
#1488=EDGE_CURVE('',#1836,#1838,#208,.T.);
#1489=EDGE_CURVE('',#1839,#1840,#209,.T.);
#1490=EDGE_CURVE('',#1839,#1841,#210,.T.);
#1491=EDGE_CURVE('',#1841,#1842,#211,.T.);
#1492=EDGE_CURVE('',#1840,#1842,#212,.T.);
#1493=EDGE_CURVE('',#1839,#1835,#2103,.T.);
#1494=EDGE_CURVE('',#1840,#1837,#2104,.T.);
#1495=EDGE_CURVE('',#1843,#1843,#2105,.T.);
#1496=EDGE_CURVE('',#1844,#1844,#2106,.T.);
#1497=EDGE_CURVE('',#1841,#1836,#213,.T.);
#1498=EDGE_CURVE('',#1845,#1836,#214,.T.);
#1499=EDGE_CURVE('',#1846,#1845,#215,.T.);
#1500=EDGE_CURVE('',#1847,#1846,#216,.T.);
#1501=EDGE_CURVE('',#1848,#1847,#217,.T.);
#1502=EDGE_CURVE('',#1848,#1849,#218,.T.);
#1503=EDGE_CURVE('',#1849,#1850,#219,.T.);
#1504=EDGE_CURVE('',#1851,#1850,#220,.T.);
#1505=EDGE_CURVE('',#1852,#1851,#221,.T.);
#1506=EDGE_CURVE('',#1852,#1853,#222,.T.);
#1507=EDGE_CURVE('',#1853,#1854,#223,.T.);
#1508=EDGE_CURVE('',#1855,#1854,#224,.T.);
#1509=EDGE_CURVE('',#1856,#1855,#225,.T.);
#1510=EDGE_CURVE('',#1856,#1857,#226,.T.);
#1511=EDGE_CURVE('',#1857,#1858,#227,.T.);
#1512=EDGE_CURVE('',#1859,#1858,#228,.T.);
#1513=EDGE_CURVE('',#1860,#1859,#229,.T.);
#1514=EDGE_CURVE('',#1860,#1838,#230,.T.);
#1515=EDGE_CURVE('',#1838,#1842,#231,.T.);
#1516=EDGE_CURVE('',#1861,#1862,#232,.T.);
#1517=EDGE_CURVE('',#1861,#1863,#233,.T.);
#1518=EDGE_CURVE('',#1863,#1864,#234,.T.);
#1519=EDGE_CURVE('',#1862,#1864,#235,.T.);
#1520=EDGE_CURVE('',#1865,#1866,#236,.T.);
#1521=EDGE_CURVE('',#1865,#1867,#237,.T.);
#1522=EDGE_CURVE('',#1867,#1868,#238,.T.);
#1523=EDGE_CURVE('',#1866,#1868,#239,.T.);
#1524=EDGE_CURVE('',#1869,#1870,#240,.T.);
#1525=EDGE_CURVE('',#1869,#1871,#241,.T.);
#1526=EDGE_CURVE('',#1871,#1872,#242,.T.);
#1527=EDGE_CURVE('',#1870,#1872,#243,.T.);
#1528=EDGE_CURVE('',#1873,#1874,#244,.T.);
#1529=EDGE_CURVE('',#1873,#1875,#245,.T.);
#1530=EDGE_CURVE('',#1875,#1876,#246,.T.);
#1531=EDGE_CURVE('',#1874,#1876,#247,.T.);
#1532=EDGE_CURVE('',#1853,#1877,#248,.T.);
#1533=EDGE_CURVE('',#1878,#1852,#249,.T.);
#1534=EDGE_CURVE('',#1878,#1877,#250,.T.);
#1535=EDGE_CURVE('',#1877,#1879,#2107,.T.);
#1536=EDGE_CURVE('',#1880,#1878,#2108,.T.);
#1537=EDGE_CURVE('',#1880,#1879,#251,.T.);
#1538=EDGE_CURVE('',#1881,#1881,#2109,.T.);
#1539=EDGE_CURVE('',#1882,#1882,#2110,.T.);
#1540=EDGE_CURVE('',#1883,#1884,#252,.T.);
#1541=EDGE_CURVE('',#1865,#1883,#253,.T.);
#1542=EDGE_CURVE('',#1866,#1884,#254,.T.);
#1543=EDGE_CURVE('',#1883,#1885,#255,.T.);
#1544=EDGE_CURVE('',#1867,#1885,#256,.T.);
#1545=EDGE_CURVE('',#1885,#1886,#257,.T.);
#1546=EDGE_CURVE('',#1868,#1886,#258,.T.);
#1547=EDGE_CURVE('',#1887,#1888,#259,.T.);
#1548=EDGE_CURVE('',#1869,#1887,#260,.T.);
#1549=EDGE_CURVE('',#1870,#1888,#261,.T.);
#1550=EDGE_CURVE('',#1887,#1889,#262,.T.);
#1551=EDGE_CURVE('',#1871,#1889,#263,.T.);
#1552=EDGE_CURVE('',#1889,#1890,#264,.T.);
#1553=EDGE_CURVE('',#1872,#1890,#265,.T.);
#1554=EDGE_CURVE('',#1891,#1892,#266,.T.);
#1555=EDGE_CURVE('',#1861,#1891,#267,.T.);
#1556=EDGE_CURVE('',#1862,#1892,#268,.T.);
#1557=EDGE_CURVE('',#1891,#1893,#269,.T.);
#1558=EDGE_CURVE('',#1863,#1893,#270,.T.);
#1559=EDGE_CURVE('',#1893,#1894,#271,.T.);
#1560=EDGE_CURVE('',#1864,#1894,#272,.T.);
#1561=EDGE_CURVE('',#1895,#1896,#273,.T.);
#1562=EDGE_CURVE('',#1873,#1895,#274,.T.);
#1563=EDGE_CURVE('',#1874,#1896,#275,.T.);
#1564=EDGE_CURVE('',#1895,#1897,#276,.T.);
#1565=EDGE_CURVE('',#1875,#1897,#277,.T.);
#1566=EDGE_CURVE('',#1897,#1898,#278,.T.);
#1567=EDGE_CURVE('',#1876,#1898,#279,.T.);
#1568=EDGE_CURVE('',#1899,#1900,#280,.T.);
#1569=EDGE_CURVE('',#1860,#1899,#281,.T.);
#1570=EDGE_CURVE('',#1859,#1900,#282,.T.);
#1571=EDGE_CURVE('',#1899,#1901,#283,.T.);
#1572=EDGE_CURVE('',#1849,#1901,#284,.T.);
#1573=EDGE_CURVE('',#1848,#1845,#285,.T.);
#1574=EDGE_CURVE('',#1901,#1902,#286,.T.);
#1575=EDGE_CURVE('',#1850,#1902,#287,.T.);
#1576=EDGE_CURVE('',#1888,#1890,#288,.T.);
#1577=EDGE_CURVE('',#1892,#1894,#289,.T.);
#1578=EDGE_CURVE('',#1896,#1898,#290,.T.);
#1579=EDGE_CURVE('',#1855,#1903,#291,.T.);
#1580=EDGE_CURVE('',#1854,#1879,#292,.T.);
#1581=EDGE_CURVE('',#1851,#1880,#293,.T.);
#1582=EDGE_CURVE('',#1900,#1902,#294,.T.);
#1583=EDGE_CURVE('',#1858,#1904,#295,.T.);
#1584=EDGE_CURVE('',#1903,#1904,#296,.T.);
#1585=EDGE_CURVE('',#1884,#1886,#297,.T.);
#1586=EDGE_CURVE('',#1856,#1905,#298,.T.);
#1587=EDGE_CURVE('',#1905,#1906,#299,.T.);
#1588=EDGE_CURVE('',#1906,#1857,#300,.T.);
#1589=EDGE_CURVE('',#1905,#1903,#2111,.T.);
#1590=EDGE_CURVE('',#1904,#1906,#2112,.T.);
#1591=EDGE_CURVE('',#1907,#1907,#2113,.T.);
#1592=EDGE_CURVE('',#1908,#1908,#2114,.T.);
#1593=EDGE_CURVE('',#1909,#1910,#301,.T.);
#1594=EDGE_CURVE('',#1910,#1845,#302,.T.);
#1595=EDGE_CURVE('',#1909,#1848,#303,.T.);
#1596=EDGE_CURVE('',#1911,#1846,#304,.T.);
#1597=EDGE_CURVE('',#1912,#1911,#305,.T.);
#1598=EDGE_CURVE('',#1912,#1847,#306,.T.);
#1599=EDGE_CURVE('',#1911,#1910,#2115,.T.);
#1600=EDGE_CURVE('',#1912,#1909,#2116,.T.);
#1601=EDGE_CURVE('',#1913,#1913,#2117,.T.);
#1602=EDGE_CURVE('',#1914,#1914,#2118,.T.);
#1603=VERTEX_POINT('',#4639);
#1604=VERTEX_POINT('',#4641);
#1605=VERTEX_POINT('',#4643);
#1606=VERTEX_POINT('',#4644);
#1607=VERTEX_POINT('',#4646);
#1608=VERTEX_POINT('',#4648);
#1609=VERTEX_POINT('',#4650);
#1610=VERTEX_POINT('',#4652);
#1611=VERTEX_POINT('',#4654);
#1612=VERTEX_POINT('',#4658);
#1613=VERTEX_POINT('',#4660);
#1614=VERTEX_POINT('',#4662);
#1615=VERTEX_POINT('',#4663);
#1616=VERTEX_POINT('',#4665);
#1617=VERTEX_POINT('',#4667);
#1618=VERTEX_POINT('',#4669);
#1619=VERTEX_POINT('',#4671);
#1620=VERTEX_POINT('',#4673);
#1621=VERTEX_POINT('',#4688);
#1622=VERTEX_POINT('',#4690);
#1623=VERTEX_POINT('',#4692);
#1624=VERTEX_POINT('',#4694);
#1625=VERTEX_POINT('',#4696);
#1626=VERTEX_POINT('',#4700);
#1627=VERTEX_POINT('',#4702);
#1628=VERTEX_POINT('',#4706);
#1629=VERTEX_POINT('',#4708);
#1630=VERTEX_POINT('',#4712);
#1631=VERTEX_POINT('',#4727);
#1632=VERTEX_POINT('',#4728);
#1633=VERTEX_POINT('',#4730);
#1634=VERTEX_POINT('',#4732);
#1635=VERTEX_POINT('',#4736);
#1636=VERTEX_POINT('',#4738);
#1637=VERTEX_POINT('',#4742);
#1638=VERTEX_POINT('',#4744);
#1639=VERTEX_POINT('',#4748);
#1640=VERTEX_POINT('',#4750);
#1641=VERTEX_POINT('',#4754);
#1642=VERTEX_POINT('',#4756);
#1643=VERTEX_POINT('',#4763);
#1644=VERTEX_POINT('',#4765);
#1645=VERTEX_POINT('',#4768);
#1646=VERTEX_POINT('',#4770);
#1647=VERTEX_POINT('',#4773);
#1648=VERTEX_POINT('',#4775);
#1649=VERTEX_POINT('',#4778);
#1650=VERTEX_POINT('',#4780);
#1651=VERTEX_POINT('',#4783);
#1652=VERTEX_POINT('',#4785);
#1653=VERTEX_POINT('',#4788);
#1654=VERTEX_POINT('',#4790);
#1655=VERTEX_POINT('',#4793);
#1656=VERTEX_POINT('',#4795);
#1657=VERTEX_POINT('',#4798);
#1658=VERTEX_POINT('',#4800);
#1659=VERTEX_POINT('',#4803);
#1660=VERTEX_POINT('',#4805);
#1661=VERTEX_POINT('',#4808);
#1662=VERTEX_POINT('',#4810);
#1663=VERTEX_POINT('',#4813);
#1664=VERTEX_POINT('',#4815);
#1665=VERTEX_POINT('',#4818);
#1666=VERTEX_POINT('',#4820);
#1667=VERTEX_POINT('',#4823);
#1668=VERTEX_POINT('',#4825);
#1669=VERTEX_POINT('',#4828);
#1670=VERTEX_POINT('',#4830);
#1671=VERTEX_POINT('',#4833);
#1672=VERTEX_POINT('',#4835);
#1673=VERTEX_POINT('',#4838);
#1674=VERTEX_POINT('',#4840);
#1675=VERTEX_POINT('',#4843);
#1676=VERTEX_POINT('',#4845);
#1677=VERTEX_POINT('',#4848);
#1678=VERTEX_POINT('',#4850);
#1679=VERTEX_POINT('',#4853);
#1680=VERTEX_POINT('',#4855);
#1681=VERTEX_POINT('',#4858);
#1682=VERTEX_POINT('',#4860);
#1683=VERTEX_POINT('',#4863);
#1684=VERTEX_POINT('',#4865);
#1685=VERTEX_POINT('',#4868);
#1686=VERTEX_POINT('',#4870);
#1687=VERTEX_POINT('',#4873);
#1688=VERTEX_POINT('',#4875);
#1689=VERTEX_POINT('',#4878);
#1690=VERTEX_POINT('',#4880);
#1691=VERTEX_POINT('',#4883);
#1692=VERTEX_POINT('',#4885);
#1693=VERTEX_POINT('',#4888);
#1694=VERTEX_POINT('',#4890);
#1695=VERTEX_POINT('',#4893);
#1696=VERTEX_POINT('',#4895);
#1697=VERTEX_POINT('',#4898);
#1698=VERTEX_POINT('',#4900);
#1699=VERTEX_POINT('',#4903);
#1700=VERTEX_POINT('',#4905);
#1701=VERTEX_POINT('',#4908);
#1702=VERTEX_POINT('',#4910);
#1703=VERTEX_POINT('',#4913);
#1704=VERTEX_POINT('',#4915);
#1705=VERTEX_POINT('',#4918);
#1706=VERTEX_POINT('',#4920);
#1707=VERTEX_POINT('',#4923);
#1708=VERTEX_POINT('',#4925);
#1709=VERTEX_POINT('',#4928);
#1710=VERTEX_POINT('',#4930);
#1711=VERTEX_POINT('',#4933);
#1712=VERTEX_POINT('',#4935);
#1713=VERTEX_POINT('',#4938);
#1714=VERTEX_POINT('',#4940);
#1715=VERTEX_POINT('',#4943);
#1716=VERTEX_POINT('',#4945);
#1717=VERTEX_POINT('',#4948);
#1718=VERTEX_POINT('',#4950);
#1719=VERTEX_POINT('',#4953);
#1720=VERTEX_POINT('',#4955);
#1721=VERTEX_POINT('',#4958);
#1722=VERTEX_POINT('',#4960);
#1723=VERTEX_POINT('',#4963);
#1724=VERTEX_POINT('',#4965);
#1725=VERTEX_POINT('',#4968);
#1726=VERTEX_POINT('',#4970);
#1727=VERTEX_POINT('',#4973);
#1728=VERTEX_POINT('',#4975);
#1729=VERTEX_POINT('',#4978);
#1730=VERTEX_POINT('',#4980);
#1731=VERTEX_POINT('',#4983);
#1732=VERTEX_POINT('',#4985);
#1733=VERTEX_POINT('',#4991);
#1734=VERTEX_POINT('',#4992);
#1735=VERTEX_POINT('',#4994);
#1736=VERTEX_POINT('',#4996);
#1737=VERTEX_POINT('',#5000);
#1738=VERTEX_POINT('',#5002);
#1739=VERTEX_POINT('',#5006);
#1740=VERTEX_POINT('',#5008);
#1741=VERTEX_POINT('',#5012);
#1742=VERTEX_POINT('',#5014);
#1743=VERTEX_POINT('',#5018);
#1744=VERTEX_POINT('',#5020);
#1745=VERTEX_POINT('',#5027);
#1746=VERTEX_POINT('',#5029);
#1747=VERTEX_POINT('',#5032);
#1748=VERTEX_POINT('',#5034);
#1749=VERTEX_POINT('',#5037);
#1750=VERTEX_POINT('',#5039);
#1751=VERTEX_POINT('',#5042);
#1752=VERTEX_POINT('',#5044);
#1753=VERTEX_POINT('',#5047);
#1754=VERTEX_POINT('',#5049);
#1755=VERTEX_POINT('',#5052);
#1756=VERTEX_POINT('',#5054);
#1757=VERTEX_POINT('',#5057);
#1758=VERTEX_POINT('',#5059);
#1759=VERTEX_POINT('',#5062);
#1760=VERTEX_POINT('',#5064);
#1761=VERTEX_POINT('',#5067);
#1762=VERTEX_POINT('',#5069);
#1763=VERTEX_POINT('',#5072);
#1764=VERTEX_POINT('',#5074);
#1765=VERTEX_POINT('',#5077);
#1766=VERTEX_POINT('',#5079);
#1767=VERTEX_POINT('',#5082);
#1768=VERTEX_POINT('',#5084);
#1769=VERTEX_POINT('',#5087);
#1770=VERTEX_POINT('',#5089);
#1771=VERTEX_POINT('',#5092);
#1772=VERTEX_POINT('',#5094);
#1773=VERTEX_POINT('',#5097);
#1774=VERTEX_POINT('',#5099);
#1775=VERTEX_POINT('',#5102);
#1776=VERTEX_POINT('',#5104);
#1777=VERTEX_POINT('',#5107);
#1778=VERTEX_POINT('',#5109);
#1779=VERTEX_POINT('',#5112);
#1780=VERTEX_POINT('',#5114);
#1781=VERTEX_POINT('',#5117);
#1782=VERTEX_POINT('',#5119);
#1783=VERTEX_POINT('',#5122);
#1784=VERTEX_POINT('',#5124);
#1785=VERTEX_POINT('',#5127);
#1786=VERTEX_POINT('',#5129);
#1787=VERTEX_POINT('',#5132);
#1788=VERTEX_POINT('',#5134);
#1789=VERTEX_POINT('',#5137);
#1790=VERTEX_POINT('',#5139);
#1791=VERTEX_POINT('',#5142);
#1792=VERTEX_POINT('',#5144);
#1793=VERTEX_POINT('',#5147);
#1794=VERTEX_POINT('',#5149);
#1795=VERTEX_POINT('',#5152);
#1796=VERTEX_POINT('',#5154);
#1797=VERTEX_POINT('',#5157);
#1798=VERTEX_POINT('',#5159);
#1799=VERTEX_POINT('',#5162);
#1800=VERTEX_POINT('',#5164);
#1801=VERTEX_POINT('',#5167);
#1802=VERTEX_POINT('',#5169);
#1803=VERTEX_POINT('',#5172);
#1804=VERTEX_POINT('',#5174);
#1805=VERTEX_POINT('',#5177);
#1806=VERTEX_POINT('',#5179);
#1807=VERTEX_POINT('',#5182);
#1808=VERTEX_POINT('',#5184);
#1809=VERTEX_POINT('',#5187);
#1810=VERTEX_POINT('',#5189);
#1811=VERTEX_POINT('',#5192);
#1812=VERTEX_POINT('',#5194);
#1813=VERTEX_POINT('',#5197);
#1814=VERTEX_POINT('',#5199);
#1815=VERTEX_POINT('',#5202);
#1816=VERTEX_POINT('',#5204);
#1817=VERTEX_POINT('',#5207);
#1818=VERTEX_POINT('',#5209);
#1819=VERTEX_POINT('',#5212);
#1820=VERTEX_POINT('',#5214);
#1821=VERTEX_POINT('',#5217);
#1822=VERTEX_POINT('',#5219);
#1823=VERTEX_POINT('',#5222);
#1824=VERTEX_POINT('',#5224);
#1825=VERTEX_POINT('',#5227);
#1826=VERTEX_POINT('',#5229);
#1827=VERTEX_POINT('',#5232);
#1828=VERTEX_POINT('',#5234);
#1829=VERTEX_POINT('',#5237);
#1830=VERTEX_POINT('',#5239);
#1831=VERTEX_POINT('',#5242);
#1832=VERTEX_POINT('',#5244);
#1833=VERTEX_POINT('',#5247);
#1834=VERTEX_POINT('',#5249);
#1835=VERTEX_POINT('',#5255);
#1836=VERTEX_POINT('',#5256);
#1837=VERTEX_POINT('',#5258);
#1838=VERTEX_POINT('',#5260);
#1839=VERTEX_POINT('',#5264);
#1840=VERTEX_POINT('',#5265);
#1841=VERTEX_POINT('',#5267);
#1842=VERTEX_POINT('',#5269);
#1843=VERTEX_POINT('',#5276);
#1844=VERTEX_POINT('',#5278);
#1845=VERTEX_POINT('',#5282);
#1846=VERTEX_POINT('',#5284);
#1847=VERTEX_POINT('',#5286);
#1848=VERTEX_POINT('',#5288);
#1849=VERTEX_POINT('',#5290);
#1850=VERTEX_POINT('',#5292);
#1851=VERTEX_POINT('',#5294);
#1852=VERTEX_POINT('',#5296);
#1853=VERTEX_POINT('',#5298);
#1854=VERTEX_POINT('',#5300);
#1855=VERTEX_POINT('',#5302);
#1856=VERTEX_POINT('',#5304);
#1857=VERTEX_POINT('',#5306);
#1858=VERTEX_POINT('',#5308);
#1859=VERTEX_POINT('',#5310);
#1860=VERTEX_POINT('',#5312);
#1861=VERTEX_POINT('',#5316);
#1862=VERTEX_POINT('',#5317);
#1863=VERTEX_POINT('',#5319);
#1864=VERTEX_POINT('',#5321);
#1865=VERTEX_POINT('',#5324);
#1866=VERTEX_POINT('',#5325);
#1867=VERTEX_POINT('',#5327);
#1868=VERTEX_POINT('',#5329);
#1869=VERTEX_POINT('',#5332);
#1870=VERTEX_POINT('',#5333);
#1871=VERTEX_POINT('',#5335);
#1872=VERTEX_POINT('',#5337);
#1873=VERTEX_POINT('',#5340);
#1874=VERTEX_POINT('',#5341);
#1875=VERTEX_POINT('',#5343);
#1876=VERTEX_POINT('',#5345);
#1877=VERTEX_POINT('',#5349);
#1878=VERTEX_POINT('',#5351);
#1879=VERTEX_POINT('',#5355);
#1880=VERTEX_POINT('',#5357);
#1881=VERTEX_POINT('',#5361);
#1882=VERTEX_POINT('',#5363);
#1883=VERTEX_POINT('',#5366);
#1884=VERTEX_POINT('',#5367);
#1885=VERTEX_POINT('',#5372);
#1886=VERTEX_POINT('',#5376);
#1887=VERTEX_POINT('',#5380);
#1888=VERTEX_POINT('',#5381);
#1889=VERTEX_POINT('',#5386);
#1890=VERTEX_POINT('',#5390);
#1891=VERTEX_POINT('',#5394);
#1892=VERTEX_POINT('',#5395);
#1893=VERTEX_POINT('',#5400);
#1894=VERTEX_POINT('',#5404);
#1895=VERTEX_POINT('',#5408);
#1896=VERTEX_POINT('',#5409);
#1897=VERTEX_POINT('',#5414);
#1898=VERTEX_POINT('',#5418);
#1899=VERTEX_POINT('',#5422);
#1900=VERTEX_POINT('',#5423);
#1901=VERTEX_POINT('',#5428);
#1902=VERTEX_POINT('',#5433);
#1903=VERTEX_POINT('',#5443);
#1904=VERTEX_POINT('',#5448);
#1905=VERTEX_POINT('',#5455);
#1906=VERTEX_POINT('',#5457);
#1907=VERTEX_POINT('',#5464);
#1908=VERTEX_POINT('',#5466);
#1909=VERTEX_POINT('',#5473);
#1910=VERTEX_POINT('',#5474);
#1911=VERTEX_POINT('',#5479);
#1912=VERTEX_POINT('',#5481);
#1913=VERTEX_POINT('',#5488);
#1914=VERTEX_POINT('',#5490);
#1915=CIRCLE('',#3336,0.0055);
#1916=CIRCLE('',#3337,0.00325);
#1917=CIRCLE('',#3338,0.015);
#1918=CIRCLE('',#3340,0.00325);
#1919=CIRCLE('',#3341,0.0055);
#1920=CIRCLE('',#3342,0.015);
#1921=CIRCLE('',#3349,0.0055);
#1922=CIRCLE('',#3352,0.0055);
#1923=CIRCLE('',#3369,0.00180000000000002);
#1924=CIRCLE('',#3370,0.00180000000000002);
#1925=CIRCLE('',#3372,0.00180000000000002);
#1926=CIRCLE('',#3373,0.00180000000000002);
#1927=CIRCLE('',#3375,0.0018);
#1928=CIRCLE('',#3376,0.0018);
#1929=CIRCLE('',#3378,0.0018);
#1930=CIRCLE('',#3379,0.0018);
#1931=CIRCLE('',#3381,0.0018);
#1932=CIRCLE('',#3382,0.0018);
#1933=CIRCLE('',#3384,0.0018);
#1934=CIRCLE('',#3385,0.0018);
#1935=CIRCLE('',#3387,0.0018);
#1936=CIRCLE('',#3388,0.0018);
#1937=CIRCLE('',#3390,0.0018);
#1938=CIRCLE('',#3391,0.0018);
#1939=CIRCLE('',#3393,0.0018);
#1940=CIRCLE('',#3394,0.0018);
#1941=CIRCLE('',#3396,0.0018);
#1942=CIRCLE('',#3397,0.0018);
#1943=CIRCLE('',#3399,0.0018);
#1944=CIRCLE('',#3400,0.0018);
#1945=CIRCLE('',#3402,0.00180000000000002);
#1946=CIRCLE('',#3403,0.00180000000000002);
#1947=CIRCLE('',#3405,0.00180000000000002);
#1948=CIRCLE('',#3406,0.00180000000000002);
#1949=CIRCLE('',#3408,0.0018);
#1950=CIRCLE('',#3409,0.0018);
#1951=CIRCLE('',#3411,0.0018);
#1952=CIRCLE('',#3412,0.0018);
#1953=CIRCLE('',#3414,0.00180000000000002);
#1954=CIRCLE('',#3415,0.00180000000000002);
#1955=CIRCLE('',#3417,0.0018);
#1956=CIRCLE('',#3418,0.0018);
#1957=CIRCLE('',#3420,0.0018);
#1958=CIRCLE('',#3421,0.0018);
#1959=CIRCLE('',#3423,0.0018);
#1960=CIRCLE('',#3424,0.0018);
#1961=CIRCLE('',#3426,0.0018);
#1962=CIRCLE('',#3427,0.0018);
#1963=CIRCLE('',#3429,0.0018);
#1964=CIRCLE('',#3430,0.0018);
#1965=CIRCLE('',#3432,0.0021);
#1966=CIRCLE('',#3433,0.0021);
#1967=CIRCLE('',#3435,0.0021);
#1968=CIRCLE('',#3436,0.0021);
#1969=CIRCLE('',#3438,0.0018);
#1970=CIRCLE('',#3439,0.0018);
#1971=CIRCLE('',#3441,0.0018);
#1972=CIRCLE('',#3442,0.0018);
#1973=CIRCLE('',#3444,0.0018);
#1974=CIRCLE('',#3445,0.0018);
#1975=CIRCLE('',#3447,0.0018);
#1976=CIRCLE('',#3448,0.0018);
#1977=CIRCLE('',#3450,0.0018);
#1978=CIRCLE('',#3451,0.0018);
#1979=CIRCLE('',#3453,0.0018);
#1980=CIRCLE('',#3454,0.0018);
#1981=CIRCLE('',#3456,0.00180000000000002);
#1982=CIRCLE('',#3457,0.00180000000000002);
#1983=CIRCLE('',#3459,0.0018);
#1984=CIRCLE('',#3460,0.0018);
#1985=CIRCLE('',#3462,0.00180000000000002);
#1986=CIRCLE('',#3463,0.00180000000000002);
#1987=CIRCLE('',#3465,0.0018);
#1988=CIRCLE('',#3466,0.0018);
#1989=CIRCLE('',#3468,0.0018);
#1990=CIRCLE('',#3469,0.0018);
#1991=CIRCLE('',#3471,0.0018);
#1992=CIRCLE('',#3472,0.0018);
#1993=CIRCLE('',#3474,0.00180000000000002);
#1994=CIRCLE('',#3475,0.00180000000000002);
#1995=CIRCLE('',#3477,0.0018);
#1996=CIRCLE('',#3478,0.0018);
#1997=CIRCLE('',#3480,0.0018);
#1998=CIRCLE('',#3481,0.0018);
#1999=CIRCLE('',#3483,0.00180000000000002);
#2000=CIRCLE('',#3484,0.00180000000000002);
#2001=CIRCLE('',#3486,0.0018);
#2002=CIRCLE('',#3487,0.0018);
#2003=CIRCLE('',#3489,0.00180000000000002);
#2004=CIRCLE('',#3490,0.00180000000000002);
#2005=CIRCLE('',#3492,0.0018);
#2006=CIRCLE('',#3493,0.0018);
#2007=CIRCLE('',#3495,0.00180000000000002);
#2008=CIRCLE('',#3496,0.00180000000000002);
#2009=CIRCLE('',#3498,0.00180000000000002);
#2010=CIRCLE('',#3499,0.00180000000000002);
#2011=CIRCLE('',#3501,0.0055);
#2012=CIRCLE('',#3502,0.0055);
#2013=CIRCLE('',#3513,0.00180000000000002);
#2014=CIRCLE('',#3514,0.00180000000000002);
#2015=CIRCLE('',#3516,0.00180000000000002);
#2016=CIRCLE('',#3517,0.00180000000000002);
#2017=CIRCLE('',#3519,0.00180000000000002);
#2018=CIRCLE('',#3520,0.00180000000000002);
#2019=CIRCLE('',#3522,0.00180000000000002);
#2020=CIRCLE('',#3523,0.00180000000000002);
#2021=CIRCLE('',#3525,0.00180000000000002);
#2022=CIRCLE('',#3526,0.00180000000000002);
#2023=CIRCLE('',#3528,0.00180000000000002);
#2024=CIRCLE('',#3529,0.00180000000000002);
#2025=CIRCLE('',#3531,0.00180000000000002);
#2026=CIRCLE('',#3532,0.00180000000000002);
#2027=CIRCLE('',#3534,0.00180000000000002);
#2028=CIRCLE('',#3535,0.00180000000000002);
#2029=CIRCLE('',#3537,0.00180000000000002);
#2030=CIRCLE('',#3538,0.00180000000000002);
#2031=CIRCLE('',#3540,0.00180000000000002);
#2032=CIRCLE('',#3541,0.00180000000000002);
#2033=CIRCLE('',#3543,0.00180000000000002);
#2034=CIRCLE('',#3544,0.00180000000000002);
#2035=CIRCLE('',#3546,0.00180000000000002);
#2036=CIRCLE('',#3547,0.00180000000000002);
#2037=CIRCLE('',#3549,0.0018);
#2038=CIRCLE('',#3550,0.0018);
#2039=CIRCLE('',#3552,0.0018);
#2040=CIRCLE('',#3553,0.0018);
#2041=CIRCLE('',#3555,0.0018);
#2042=CIRCLE('',#3556,0.0018);
#2043=CIRCLE('',#3558,0.0018);
#2044=CIRCLE('',#3559,0.0018);
#2045=CIRCLE('',#3561,0.0018);
#2046=CIRCLE('',#3562,0.0018);
#2047=CIRCLE('',#3564,0.0018);
#2048=CIRCLE('',#3565,0.0018);
#2049=CIRCLE('',#3567,0.0018);
#2050=CIRCLE('',#3568,0.0018);
#2051=CIRCLE('',#3570,0.0018);
#2052=CIRCLE('',#3571,0.0018);
#2053=CIRCLE('',#3573,0.0018);
#2054=CIRCLE('',#3574,0.0018);
#2055=CIRCLE('',#3576,0.0018);
#2056=CIRCLE('',#3577,0.0018);
#2057=CIRCLE('',#3579,0.0018);
#2058=CIRCLE('',#3580,0.0018);
#2059=CIRCLE('',#3582,0.0018);
#2060=CIRCLE('',#3583,0.0018);
#2061=CIRCLE('',#3585,0.0018);
#2062=CIRCLE('',#3586,0.0018);
#2063=CIRCLE('',#3588,0.0018);
#2064=CIRCLE('',#3589,0.0018);
#2065=CIRCLE('',#3591,0.0018);
#2066=CIRCLE('',#3592,0.0018);
#2067=CIRCLE('',#3594,0.0018);
#2068=CIRCLE('',#3595,0.0018);
#2069=CIRCLE('',#3597,0.0018);
#2070=CIRCLE('',#3598,0.0018);
#2071=CIRCLE('',#3600,0.0018);
#2072=CIRCLE('',#3601,0.0018);
#2073=CIRCLE('',#3603,0.0018);
#2074=CIRCLE('',#3604,0.0018);
#2075=CIRCLE('',#3606,0.0018);
#2076=CIRCLE('',#3607,0.0018);
#2077=CIRCLE('',#3609,0.0018);
#2078=CIRCLE('',#3610,0.0018);
#2079=CIRCLE('',#3612,0.0018);
#2080=CIRCLE('',#3613,0.0018);
#2081=CIRCLE('',#3615,0.0018);
#2082=CIRCLE('',#3616,0.0018);
#2083=CIRCLE('',#3618,0.0018);
#2084=CIRCLE('',#3619,0.0018);
#2085=CIRCLE('',#3621,0.0018);
#2086=CIRCLE('',#3622,0.0018);
#2087=CIRCLE('',#3624,0.0018);
#2088=CIRCLE('',#3625,0.0018);
#2089=CIRCLE('',#3627,0.0018);
#2090=CIRCLE('',#3628,0.0018);
#2091=CIRCLE('',#3630,0.0018);
#2092=CIRCLE('',#3631,0.0018);
#2093=CIRCLE('',#3633,0.0018);
#2094=CIRCLE('',#3634,0.0018);
#2095=CIRCLE('',#3636,0.0018);
#2096=CIRCLE('',#3637,0.0018);
#2097=CIRCLE('',#3639,0.0021);
#2098=CIRCLE('',#3640,0.0021);
#2099=CIRCLE('',#3642,0.0021);
#2100=CIRCLE('',#3643,0.0021);
#2101=CIRCLE('',#3645,0.0055);
#2102=CIRCLE('',#3646,0.0055);
#2103=CIRCLE('',#3653,0.0085);
#2104=CIRCLE('',#3654,0.0085);
#2105=CIRCLE('',#3656,0.0055);
#2106=CIRCLE('',#3657,0.0055);
#2107=CIRCLE('',#3661,0.00425);
#2108=CIRCLE('',#3662,0.00425);
#2109=CIRCLE('',#3664,0.00325);
#2110=CIRCLE('',#3665,0.00325);
#2111=CIRCLE('',#3689,0.00425);
#2112=CIRCLE('',#3690,0.00425);
#2113=CIRCLE('',#3692,0.00325);
#2114=CIRCLE('',#3693,0.00325);
#2115=CIRCLE('',#3701,0.0085);
#2116=CIRCLE('',#3702,0.0085);
#2117=CIRCLE('',#3704,0.0055);
#2118=CIRCLE('',#3705,0.0055);
#2119=EDGE_LOOP('',(#478));
#2120=EDGE_LOOP('',(#479));
#2121=EDGE_LOOP('',(#480,#481,#482,#483,#484,#485,#486));
#2122=EDGE_LOOP('',(#487));
#2123=EDGE_LOOP('',(#488));
#2124=EDGE_LOOP('',(#489,#490,#491,#492,#493,#494,#495));
#2125=EDGE_LOOP('',(#496,#497,#498,#499));
#2126=EDGE_LOOP('',(#500,#501,#502,#503));
#2127=EDGE_LOOP('',(#504,#505,#506,#507));
#2128=EDGE_LOOP('',(#508,#509,#510,#511));
#2129=EDGE_LOOP('',(#512,#513,#514,#515));
#2130=EDGE_LOOP('',(#516));
#2131=EDGE_LOOP('',(#517,#518,#519,#520,#521,#522));
#2132=EDGE_LOOP('',(#523,#524,#525,#526));
#2133=EDGE_LOOP('',(#527));
#2134=EDGE_LOOP('',(#528,#529,#530,#531,#532,#533));
#2135=EDGE_LOOP('',(#534,#535,#536,#537));
#2136=EDGE_LOOP('',(#538));
#2137=EDGE_LOOP('',(#539));
#2138=EDGE_LOOP('',(#540));
#2139=EDGE_LOOP('',(#541));
#2140=EDGE_LOOP('',(#542,#543,#544,#545));
#2141=EDGE_LOOP('',(#546,#547,#548,#549));
#2142=EDGE_LOOP('',(#550,#551,#552,#553));
#2143=EDGE_LOOP('',(#554,#555,#556,#557));
#2144=EDGE_LOOP('',(#558));
#2145=EDGE_LOOP('',(#559));
#2146=EDGE_LOOP('',(#560,#561,#562,#563));
#2147=EDGE_LOOP('',(#564,#565,#566,#567));
#2148=EDGE_LOOP('',(#568,#569,#570,#571));
#2149=EDGE_LOOP('',(#572,#573,#574,#575));
#2150=EDGE_LOOP('',(#576,#577,#578,#579));
#2151=EDGE_LOOP('',(#580,#581,#582,#583));
#2152=EDGE_LOOP('',(#584));
#2153=EDGE_LOOP('',(#585));
#2154=EDGE_LOOP('',(#586));
#2155=EDGE_LOOP('',(#587));
#2156=EDGE_LOOP('',(#588));
#2157=EDGE_LOOP('',(#589));
#2158=EDGE_LOOP('',(#590));
#2159=EDGE_LOOP('',(#591));
#2160=EDGE_LOOP('',(#592));
#2161=EDGE_LOOP('',(#593));
#2162=EDGE_LOOP('',(#594));
#2163=EDGE_LOOP('',(#595));
#2164=EDGE_LOOP('',(#596));
#2165=EDGE_LOOP('',(#597));
#2166=EDGE_LOOP('',(#598));
#2167=EDGE_LOOP('',(#599));
#2168=EDGE_LOOP('',(#600));
#2169=EDGE_LOOP('',(#601));
#2170=EDGE_LOOP('',(#602));
#2171=EDGE_LOOP('',(#603));
#2172=EDGE_LOOP('',(#604));
#2173=EDGE_LOOP('',(#605));
#2174=EDGE_LOOP('',(#606));
#2175=EDGE_LOOP('',(#607));
#2176=EDGE_LOOP('',(#608));
#2177=EDGE_LOOP('',(#609));
#2178=EDGE_LOOP('',(#610));
#2179=EDGE_LOOP('',(#611));
#2180=EDGE_LOOP('',(#612));
#2181=EDGE_LOOP('',(#613));
#2182=EDGE_LOOP('',(#614));
#2183=EDGE_LOOP('',(#615));
#2184=EDGE_LOOP('',(#616));
#2185=EDGE_LOOP('',(#617));
#2186=EDGE_LOOP('',(#618));
#2187=EDGE_LOOP('',(#619));
#2188=EDGE_LOOP('',(#620));
#2189=EDGE_LOOP('',(#621));
#2190=EDGE_LOOP('',(#622));
#2191=EDGE_LOOP('',(#623));
#2192=EDGE_LOOP('',(#624));
#2193=EDGE_LOOP('',(#625));
#2194=EDGE_LOOP('',(#626));
#2195=EDGE_LOOP('',(#627));
#2196=EDGE_LOOP('',(#628));
#2197=EDGE_LOOP('',(#629));
#2198=EDGE_LOOP('',(#630));
#2199=EDGE_LOOP('',(#631));
#2200=EDGE_LOOP('',(#632));
#2201=EDGE_LOOP('',(#633));
#2202=EDGE_LOOP('',(#634));
#2203=EDGE_LOOP('',(#635));
#2204=EDGE_LOOP('',(#636));
#2205=EDGE_LOOP('',(#637));
#2206=EDGE_LOOP('',(#638));
#2207=EDGE_LOOP('',(#639));
#2208=EDGE_LOOP('',(#640));
#2209=EDGE_LOOP('',(#641));
#2210=EDGE_LOOP('',(#642));
#2211=EDGE_LOOP('',(#643));
#2212=EDGE_LOOP('',(#644));
#2213=EDGE_LOOP('',(#645));
#2214=EDGE_LOOP('',(#646));
#2215=EDGE_LOOP('',(#647));
#2216=EDGE_LOOP('',(#648));
#2217=EDGE_LOOP('',(#649));
#2218=EDGE_LOOP('',(#650));
#2219=EDGE_LOOP('',(#651));
#2220=EDGE_LOOP('',(#652));
#2221=EDGE_LOOP('',(#653));
#2222=EDGE_LOOP('',(#654));
#2223=EDGE_LOOP('',(#655));
#2224=EDGE_LOOP('',(#656));
#2225=EDGE_LOOP('',(#657));
#2226=EDGE_LOOP('',(#658));
#2227=EDGE_LOOP('',(#659));
#2228=EDGE_LOOP('',(#660));
#2229=EDGE_LOOP('',(#661));
#2230=EDGE_LOOP('',(#662));
#2231=EDGE_LOOP('',(#663));
#2232=EDGE_LOOP('',(#664));
#2233=EDGE_LOOP('',(#665));
#2234=EDGE_LOOP('',(#666));
#2235=EDGE_LOOP('',(#667));
#2236=EDGE_LOOP('',(#668));
#2237=EDGE_LOOP('',(#669));
#2238=EDGE_LOOP('',(#670));
#2239=EDGE_LOOP('',(#671));
#2240=EDGE_LOOP('',(#672));
#2241=EDGE_LOOP('',(#673));
#2242=EDGE_LOOP('',(#674));
#2243=EDGE_LOOP('',(#675));
#2244=EDGE_LOOP('',(#676));
#2245=EDGE_LOOP('',(#677));
#2246=EDGE_LOOP('',(#678));
#2247=EDGE_LOOP('',(#679));
#2248=EDGE_LOOP('',(#680));
#2249=EDGE_LOOP('',(#681));
#2250=EDGE_LOOP('',(#682));
#2251=EDGE_LOOP('',(#683));
#2252=EDGE_LOOP('',(#684));
#2253=EDGE_LOOP('',(#685));
#2254=EDGE_LOOP('',(#686));
#2255=EDGE_LOOP('',(#687));
#2256=EDGE_LOOP('',(#688));
#2257=EDGE_LOOP('',(#689));
#2258=EDGE_LOOP('',(#690));
#2259=EDGE_LOOP('',(#691));
#2260=EDGE_LOOP('',(#692));
#2261=EDGE_LOOP('',(#693));
#2262=EDGE_LOOP('',(#694));
#2263=EDGE_LOOP('',(#695));
#2264=EDGE_LOOP('',(#696));
#2265=EDGE_LOOP('',(#697));
#2266=EDGE_LOOP('',(#698));
#2267=EDGE_LOOP('',(#699));
#2268=EDGE_LOOP('',(#700));
#2269=EDGE_LOOP('',(#701));
#2270=EDGE_LOOP('',(#702));
#2271=EDGE_LOOP('',(#703));
#2272=EDGE_LOOP('',(#704));
#2273=EDGE_LOOP('',(#705));
#2274=EDGE_LOOP('',(#706));
#2275=EDGE_LOOP('',(#707));
#2276=EDGE_LOOP('',(#708));
#2277=EDGE_LOOP('',(#709));
#2278=EDGE_LOOP('',(#710));
#2279=EDGE_LOOP('',(#711));
#2280=EDGE_LOOP('',(#712));
#2281=EDGE_LOOP('',(#713));
#2282=EDGE_LOOP('',(#714));
#2283=EDGE_LOOP('',(#715));
#2284=EDGE_LOOP('',(#716));
#2285=EDGE_LOOP('',(#717));
#2286=EDGE_LOOP('',(#718,#719,#720,#721,#722,#723));
#2287=EDGE_LOOP('',(#724));
#2288=EDGE_LOOP('',(#725));
#2289=EDGE_LOOP('',(#726));
#2290=EDGE_LOOP('',(#727));
#2291=EDGE_LOOP('',(#728));
#2292=EDGE_LOOP('',(#729));
#2293=EDGE_LOOP('',(#730));
#2294=EDGE_LOOP('',(#731));
#2295=EDGE_LOOP('',(#732));
#2296=EDGE_LOOP('',(#733));
#2297=EDGE_LOOP('',(#734));
#2298=EDGE_LOOP('',(#735));
#2299=EDGE_LOOP('',(#736));
#2300=EDGE_LOOP('',(#737));
#2301=EDGE_LOOP('',(#738));
#2302=EDGE_LOOP('',(#739));
#2303=EDGE_LOOP('',(#740));
#2304=EDGE_LOOP('',(#741));
#2305=EDGE_LOOP('',(#742));
#2306=EDGE_LOOP('',(#743));
#2307=EDGE_LOOP('',(#744));
#2308=EDGE_LOOP('',(#745));
#2309=EDGE_LOOP('',(#746));
#2310=EDGE_LOOP('',(#747));
#2311=EDGE_LOOP('',(#748));
#2312=EDGE_LOOP('',(#749));
#2313=EDGE_LOOP('',(#750));
#2314=EDGE_LOOP('',(#751));
#2315=EDGE_LOOP('',(#752));
#2316=EDGE_LOOP('',(#753));
#2317=EDGE_LOOP('',(#754));
#2318=EDGE_LOOP('',(#755));
#2319=EDGE_LOOP('',(#756));
#2320=EDGE_LOOP('',(#757));
#2321=EDGE_LOOP('',(#758));
#2322=EDGE_LOOP('',(#759));
#2323=EDGE_LOOP('',(#760));
#2324=EDGE_LOOP('',(#761));
#2325=EDGE_LOOP('',(#762));
#2326=EDGE_LOOP('',(#763));
#2327=EDGE_LOOP('',(#764));
#2328=EDGE_LOOP('',(#765));
#2329=EDGE_LOOP('',(#766));
#2330=EDGE_LOOP('',(#767));
#2331=EDGE_LOOP('',(#768));
#2332=EDGE_LOOP('',(#769,#770,#771,#772,#773,#774));
#2333=EDGE_LOOP('',(#775));
#2334=EDGE_LOOP('',(#776,#777,#778,#779));
#2335=EDGE_LOOP('',(#780,#781,#782,#783));
#2336=EDGE_LOOP('',(#784,#785,#786,#787));
#2337=EDGE_LOOP('',(#788,#789,#790,#791));
#2338=EDGE_LOOP('',(#792,#793,#794,#795));
#2339=EDGE_LOOP('',(#796,#797,#798,#799));
#2340=EDGE_LOOP('',(#800));
#2341=EDGE_LOOP('',(#801));
#2342=EDGE_LOOP('',(#802));
#2343=EDGE_LOOP('',(#803));
#2344=EDGE_LOOP('',(#804));
#2345=EDGE_LOOP('',(#805));
#2346=EDGE_LOOP('',(#806));
#2347=EDGE_LOOP('',(#807));
#2348=EDGE_LOOP('',(#808));
#2349=EDGE_LOOP('',(#809));
#2350=EDGE_LOOP('',(#810));
#2351=EDGE_LOOP('',(#811));
#2352=EDGE_LOOP('',(#812));
#2353=EDGE_LOOP('',(#813));
#2354=EDGE_LOOP('',(#814));
#2355=EDGE_LOOP('',(#815));
#2356=EDGE_LOOP('',(#816));
#2357=EDGE_LOOP('',(#817));
#2358=EDGE_LOOP('',(#818));
#2359=EDGE_LOOP('',(#819));
#2360=EDGE_LOOP('',(#820));
#2361=EDGE_LOOP('',(#821));
#2362=EDGE_LOOP('',(#822));
#2363=EDGE_LOOP('',(#823));
#2364=EDGE_LOOP('',(#824));
#2365=EDGE_LOOP('',(#825));
#2366=EDGE_LOOP('',(#826));
#2367=EDGE_LOOP('',(#827));
#2368=EDGE_LOOP('',(#828));
#2369=EDGE_LOOP('',(#829));
#2370=EDGE_LOOP('',(#830));
#2371=EDGE_LOOP('',(#831));
#2372=EDGE_LOOP('',(#832));
#2373=EDGE_LOOP('',(#833));
#2374=EDGE_LOOP('',(#834));
#2375=EDGE_LOOP('',(#835));
#2376=EDGE_LOOP('',(#836));
#2377=EDGE_LOOP('',(#837));
#2378=EDGE_LOOP('',(#838));
#2379=EDGE_LOOP('',(#839));
#2380=EDGE_LOOP('',(#840));
#2381=EDGE_LOOP('',(#841));
#2382=EDGE_LOOP('',(#842));
#2383=EDGE_LOOP('',(#843));
#2384=EDGE_LOOP('',(#844));
#2385=EDGE_LOOP('',(#845));
#2386=EDGE_LOOP('',(#846));
#2387=EDGE_LOOP('',(#847));
#2388=EDGE_LOOP('',(#848));
#2389=EDGE_LOOP('',(#849));
#2390=EDGE_LOOP('',(#850));
#2391=EDGE_LOOP('',(#851));
#2392=EDGE_LOOP('',(#852));
#2393=EDGE_LOOP('',(#853));
#2394=EDGE_LOOP('',(#854));
#2395=EDGE_LOOP('',(#855));
#2396=EDGE_LOOP('',(#856));
#2397=EDGE_LOOP('',(#857));
#2398=EDGE_LOOP('',(#858));
#2399=EDGE_LOOP('',(#859));
#2400=EDGE_LOOP('',(#860));
#2401=EDGE_LOOP('',(#861));
#2402=EDGE_LOOP('',(#862));
#2403=EDGE_LOOP('',(#863));
#2404=EDGE_LOOP('',(#864));
#2405=EDGE_LOOP('',(#865));
#2406=EDGE_LOOP('',(#866));
#2407=EDGE_LOOP('',(#867));
#2408=EDGE_LOOP('',(#868));
#2409=EDGE_LOOP('',(#869));
#2410=EDGE_LOOP('',(#870));
#2411=EDGE_LOOP('',(#871));
#2412=EDGE_LOOP('',(#872));
#2413=EDGE_LOOP('',(#873));
#2414=EDGE_LOOP('',(#874));
#2415=EDGE_LOOP('',(#875));
#2416=EDGE_LOOP('',(#876));
#2417=EDGE_LOOP('',(#877));
#2418=EDGE_LOOP('',(#878));
#2419=EDGE_LOOP('',(#879));
#2420=EDGE_LOOP('',(#880));
#2421=EDGE_LOOP('',(#881));
#2422=EDGE_LOOP('',(#882));
#2423=EDGE_LOOP('',(#883));
#2424=EDGE_LOOP('',(#884));
#2425=EDGE_LOOP('',(#885));
#2426=EDGE_LOOP('',(#886));
#2427=EDGE_LOOP('',(#887));
#2428=EDGE_LOOP('',(#888));
#2429=EDGE_LOOP('',(#889));
#2430=EDGE_LOOP('',(#890));
#2431=EDGE_LOOP('',(#891));
#2432=EDGE_LOOP('',(#892));
#2433=EDGE_LOOP('',(#893));
#2434=EDGE_LOOP('',(#894));
#2435=EDGE_LOOP('',(#895));
#2436=EDGE_LOOP('',(#896));
#2437=EDGE_LOOP('',(#897));
#2438=EDGE_LOOP('',(#898));
#2439=EDGE_LOOP('',(#899));
#2440=EDGE_LOOP('',(#900));
#2441=EDGE_LOOP('',(#901));
#2442=EDGE_LOOP('',(#902));
#2443=EDGE_LOOP('',(#903));
#2444=EDGE_LOOP('',(#904));
#2445=EDGE_LOOP('',(#905));
#2446=EDGE_LOOP('',(#906));
#2447=EDGE_LOOP('',(#907));
#2448=EDGE_LOOP('',(#908));
#2449=EDGE_LOOP('',(#909));
#2450=EDGE_LOOP('',(#910));
#2451=EDGE_LOOP('',(#911));
#2452=EDGE_LOOP('',(#912));
#2453=EDGE_LOOP('',(#913));
#2454=EDGE_LOOP('',(#914));
#2455=EDGE_LOOP('',(#915));
#2456=EDGE_LOOP('',(#916));
#2457=EDGE_LOOP('',(#917));
#2458=EDGE_LOOP('',(#918));
#2459=EDGE_LOOP('',(#919));
#2460=EDGE_LOOP('',(#920));
#2461=EDGE_LOOP('',(#921));
#2462=EDGE_LOOP('',(#922));
#2463=EDGE_LOOP('',(#923));
#2464=EDGE_LOOP('',(#924));
#2465=EDGE_LOOP('',(#925));
#2466=EDGE_LOOP('',(#926));
#2467=EDGE_LOOP('',(#927));
#2468=EDGE_LOOP('',(#928));
#2469=EDGE_LOOP('',(#929));
#2470=EDGE_LOOP('',(#930));
#2471=EDGE_LOOP('',(#931));
#2472=EDGE_LOOP('',(#932));
#2473=EDGE_LOOP('',(#933));
#2474=EDGE_LOOP('',(#934,#935,#936,#937,#938,#939));
#2475=EDGE_LOOP('',(#940));
#2476=EDGE_LOOP('',(#941));
#2477=EDGE_LOOP('',(#942));
#2478=EDGE_LOOP('',(#943));
#2479=EDGE_LOOP('',(#944));
#2480=EDGE_LOOP('',(#945));
#2481=EDGE_LOOP('',(#946));
#2482=EDGE_LOOP('',(#947));
#2483=EDGE_LOOP('',(#948));
#2484=EDGE_LOOP('',(#949));
#2485=EDGE_LOOP('',(#950));
#2486=EDGE_LOOP('',(#951));
#2487=EDGE_LOOP('',(#952));
#2488=EDGE_LOOP('',(#953));
#2489=EDGE_LOOP('',(#954));
#2490=EDGE_LOOP('',(#955));
#2491=EDGE_LOOP('',(#956));
#2492=EDGE_LOOP('',(#957));
#2493=EDGE_LOOP('',(#958));
#2494=EDGE_LOOP('',(#959));
#2495=EDGE_LOOP('',(#960));
#2496=EDGE_LOOP('',(#961));
#2497=EDGE_LOOP('',(#962));
#2498=EDGE_LOOP('',(#963));
#2499=EDGE_LOOP('',(#964));
#2500=EDGE_LOOP('',(#965));
#2501=EDGE_LOOP('',(#966));
#2502=EDGE_LOOP('',(#967));
#2503=EDGE_LOOP('',(#968));
#2504=EDGE_LOOP('',(#969));
#2505=EDGE_LOOP('',(#970));
#2506=EDGE_LOOP('',(#971));
#2507=EDGE_LOOP('',(#972));
#2508=EDGE_LOOP('',(#973));
#2509=EDGE_LOOP('',(#974));
#2510=EDGE_LOOP('',(#975));
#2511=EDGE_LOOP('',(#976));
#2512=EDGE_LOOP('',(#977));
#2513=EDGE_LOOP('',(#978));
#2514=EDGE_LOOP('',(#979));
#2515=EDGE_LOOP('',(#980));
#2516=EDGE_LOOP('',(#981));
#2517=EDGE_LOOP('',(#982));
#2518=EDGE_LOOP('',(#983));
#2519=EDGE_LOOP('',(#984));
#2520=EDGE_LOOP('',(#985,#986,#987,#988,#989,#990));
#2521=EDGE_LOOP('',(#991));
#2522=EDGE_LOOP('',(#992,#993,#994,#995));
#2523=EDGE_LOOP('',(#996,#997,#998,#999));
#2524=EDGE_LOOP('',(#1000,#1001,#1002,#1003));
#2525=EDGE_LOOP('',(#1004));
#2526=EDGE_LOOP('',(#1005));
#2527=EDGE_LOOP('',(#1006,#1007,#1008,#1009,#1010,#1011,#1012,#1013,#1014,
#1015,#1016,#1017,#1018,#1019,#1020,#1021,#1022,#1023,#1024,#1025));
#2528=EDGE_LOOP('',(#1026,#1027,#1028,#1029));
#2529=EDGE_LOOP('',(#1030,#1031,#1032,#1033));
#2530=EDGE_LOOP('',(#1034,#1035,#1036,#1037));
#2531=EDGE_LOOP('',(#1038,#1039,#1040,#1041));
#2532=EDGE_LOOP('',(#1042,#1043,#1044,#1045));
#2533=EDGE_LOOP('',(#1046,#1047,#1048,#1049));
#2534=EDGE_LOOP('',(#1050));
#2535=EDGE_LOOP('',(#1051));
#2536=EDGE_LOOP('',(#1052,#1053,#1054,#1055));
#2537=EDGE_LOOP('',(#1056,#1057,#1058,#1059));
#2538=EDGE_LOOP('',(#1060,#1061,#1062,#1063));
#2539=EDGE_LOOP('',(#1064,#1065,#1066,#1067));
#2540=EDGE_LOOP('',(#1068,#1069,#1070,#1071));
#2541=EDGE_LOOP('',(#1072,#1073,#1074,#1075));
#2542=EDGE_LOOP('',(#1076,#1077,#1078,#1079));
#2543=EDGE_LOOP('',(#1080,#1081,#1082,#1083));
#2544=EDGE_LOOP('',(#1084,#1085,#1086,#1087));
#2545=EDGE_LOOP('',(#1088,#1089,#1090,#1091));
#2546=EDGE_LOOP('',(#1092,#1093,#1094,#1095));
#2547=EDGE_LOOP('',(#1096,#1097,#1098,#1099));
#2548=EDGE_LOOP('',(#1100,#1101,#1102,#1103));
#2549=EDGE_LOOP('',(#1104,#1105,#1106,#1107,#1108,#1109,#1110,#1111));
#2550=EDGE_LOOP('',(#1112,#1113,#1114,#1115));
#2551=EDGE_LOOP('',(#1116,#1117,#1118,#1119));
#2552=EDGE_LOOP('',(#1120,#1121,#1122,#1123));
#2553=EDGE_LOOP('',(#1124,#1125,#1126,#1127));
#2554=EDGE_LOOP('',(#1128,#1129,#1130,#1131,#1132,#1133,#1134,#1135,#1136,
#1137,#1138,#1139));
#2555=EDGE_LOOP('',(#1140,#1141,#1142,#1143));
#2556=EDGE_LOOP('',(#1144,#1145,#1146,#1147));
#2557=EDGE_LOOP('',(#1148,#1149,#1150,#1151));
#2558=EDGE_LOOP('',(#1152,#1153,#1154,#1155));
#2559=EDGE_LOOP('',(#1156,#1157,#1158,#1159));
#2560=EDGE_LOOP('',(#1160,#1161,#1162,#1163));
#2561=EDGE_LOOP('',(#1164,#1165,#1166,#1167));
#2562=EDGE_LOOP('',(#1168,#1169,#1170,#1171));
#2563=EDGE_LOOP('',(#1172));
#2564=EDGE_LOOP('',(#1173));
#2565=EDGE_LOOP('',(#1174,#1175,#1176,#1177));
#2566=EDGE_LOOP('',(#1178));
#2567=EDGE_LOOP('',(#1179,#1180,#1181,#1182));
#2568=EDGE_LOOP('',(#1183));
#2569=EDGE_LOOP('',(#1184));
#2570=EDGE_LOOP('',(#1185,#1186,#1187,#1188));
#2571=EDGE_LOOP('',(#1189));
#2572=EDGE_LOOP('',(#1190,#1191,#1192,#1193));
#2573=EDGE_LOOP('',(#1194,#1195,#1196,#1197));
#2574=EDGE_LOOP('',(#1198,#1199,#1200,#1201));
#2575=EDGE_LOOP('',(#1202,#1203,#1204,#1205));
#2576=EDGE_LOOP('',(#1206));
#2577=EDGE_LOOP('',(#1207));
#2578=EDGE_LOOP('',(#1208,#1209,#1210,#1211));
#2579=EDGE_LOOP('',(#1212));
#2580=EDGE_LOOP('',(#1213,#1214,#1215,#1216));
#2581=EDGE_LOOP('',(#1217));
#2582=EDGE_LOOP('',(#1218));
#2583=EDGE_LOOP('',(#1219,#1220,#1221,#1222));
#2584=EDGE_LOOP('',(#1223));
#2585=EDGE_LOOP('',(#1224,#1225,#1226,#1227));
#2586=FACE_BOUND('',#2119,.T.);
#2587=FACE_BOUND('',#2120,.T.);
#2588=FACE_BOUND('',#2121,.T.);
#2589=FACE_BOUND('',#2122,.T.);
#2590=FACE_BOUND('',#2123,.T.);
#2591=FACE_BOUND('',#2124,.T.);
#2592=FACE_BOUND('',#2125,.T.);
#2593=FACE_BOUND('',#2126,.T.);
#2594=FACE_BOUND('',#2127,.T.);
#2595=FACE_BOUND('',#2128,.T.);
#2596=FACE_BOUND('',#2129,.T.);
#2597=FACE_BOUND('',#2130,.T.);
#2598=FACE_BOUND('',#2131,.T.);
#2599=FACE_BOUND('',#2132,.T.);
#2600=FACE_BOUND('',#2133,.T.);
#2601=FACE_BOUND('',#2134,.T.);
#2602=FACE_BOUND('',#2135,.T.);
#2603=FACE_BOUND('',#2136,.T.);
#2604=FACE_BOUND('',#2137,.T.);
#2605=FACE_BOUND('',#2138,.T.);
#2606=FACE_BOUND('',#2139,.T.);
#2607=FACE_BOUND('',#2140,.T.);
#2608=FACE_BOUND('',#2141,.T.);
#2609=FACE_BOUND('',#2142,.T.);
#2610=FACE_BOUND('',#2143,.T.);
#2611=FACE_BOUND('',#2144,.T.);
#2612=FACE_BOUND('',#2145,.T.);
#2613=FACE_BOUND('',#2146,.T.);
#2614=FACE_BOUND('',#2147,.T.);
#2615=FACE_BOUND('',#2148,.T.);
#2616=FACE_BOUND('',#2149,.T.);
#2617=FACE_BOUND('',#2150,.T.);
#2618=FACE_BOUND('',#2151,.T.);
#2619=FACE_BOUND('',#2152,.T.);
#2620=FACE_BOUND('',#2153,.T.);
#2621=FACE_BOUND('',#2154,.T.);
#2622=FACE_BOUND('',#2155,.T.);
#2623=FACE_BOUND('',#2156,.T.);
#2624=FACE_BOUND('',#2157,.T.);
#2625=FACE_BOUND('',#2158,.T.);
#2626=FACE_BOUND('',#2159,.T.);
#2627=FACE_BOUND('',#2160,.T.);
#2628=FACE_BOUND('',#2161,.T.);
#2629=FACE_BOUND('',#2162,.T.);
#2630=FACE_BOUND('',#2163,.T.);
#2631=FACE_BOUND('',#2164,.T.);
#2632=FACE_BOUND('',#2165,.T.);
#2633=FACE_BOUND('',#2166,.T.);
#2634=FACE_BOUND('',#2167,.T.);
#2635=FACE_BOUND('',#2168,.T.);
#2636=FACE_BOUND('',#2169,.T.);
#2637=FACE_BOUND('',#2170,.T.);
#2638=FACE_BOUND('',#2171,.T.);
#2639=FACE_BOUND('',#2172,.T.);
#2640=FACE_BOUND('',#2173,.T.);
#2641=FACE_BOUND('',#2174,.T.);
#2642=FACE_BOUND('',#2175,.T.);
#2643=FACE_BOUND('',#2176,.T.);
#2644=FACE_BOUND('',#2177,.T.);
#2645=FACE_BOUND('',#2178,.T.);
#2646=FACE_BOUND('',#2179,.T.);
#2647=FACE_BOUND('',#2180,.T.);
#2648=FACE_BOUND('',#2181,.T.);
#2649=FACE_BOUND('',#2182,.T.);
#2650=FACE_BOUND('',#2183,.T.);
#2651=FACE_BOUND('',#2184,.T.);
#2652=FACE_BOUND('',#2185,.T.);
#2653=FACE_BOUND('',#2186,.T.);
#2654=FACE_BOUND('',#2187,.T.);
#2655=FACE_BOUND('',#2188,.T.);
#2656=FACE_BOUND('',#2189,.T.);
#2657=FACE_BOUND('',#2190,.T.);
#2658=FACE_BOUND('',#2191,.T.);
#2659=FACE_BOUND('',#2192,.T.);
#2660=FACE_BOUND('',#2193,.T.);
#2661=FACE_BOUND('',#2194,.T.);
#2662=FACE_BOUND('',#2195,.T.);
#2663=FACE_BOUND('',#2196,.T.);
#2664=FACE_BOUND('',#2197,.T.);
#2665=FACE_BOUND('',#2198,.T.);
#2666=FACE_BOUND('',#2199,.T.);
#2667=FACE_BOUND('',#2200,.T.);
#2668=FACE_BOUND('',#2201,.T.);
#2669=FACE_BOUND('',#2202,.T.);
#2670=FACE_BOUND('',#2203,.T.);
#2671=FACE_BOUND('',#2204,.T.);
#2672=FACE_BOUND('',#2205,.T.);
#2673=FACE_BOUND('',#2206,.T.);
#2674=FACE_BOUND('',#2207,.T.);
#2675=FACE_BOUND('',#2208,.T.);
#2676=FACE_BOUND('',#2209,.T.);
#2677=FACE_BOUND('',#2210,.T.);
#2678=FACE_BOUND('',#2211,.T.);
#2679=FACE_BOUND('',#2212,.T.);
#2680=FACE_BOUND('',#2213,.T.);
#2681=FACE_BOUND('',#2214,.T.);
#2682=FACE_BOUND('',#2215,.T.);
#2683=FACE_BOUND('',#2216,.T.);
#2684=FACE_BOUND('',#2217,.T.);
#2685=FACE_BOUND('',#2218,.T.);
#2686=FACE_BOUND('',#2219,.T.);
#2687=FACE_BOUND('',#2220,.T.);
#2688=FACE_BOUND('',#2221,.T.);
#2689=FACE_BOUND('',#2222,.T.);
#2690=FACE_BOUND('',#2223,.T.);
#2691=FACE_BOUND('',#2224,.T.);
#2692=FACE_BOUND('',#2225,.T.);
#2693=FACE_BOUND('',#2226,.T.);
#2694=FACE_BOUND('',#2227,.T.);
#2695=FACE_BOUND('',#2228,.T.);
#2696=FACE_BOUND('',#2229,.T.);
#2697=FACE_BOUND('',#2230,.T.);
#2698=FACE_BOUND('',#2231,.T.);
#2699=FACE_BOUND('',#2232,.T.);
#2700=FACE_BOUND('',#2233,.T.);
#2701=FACE_BOUND('',#2234,.T.);
#2702=FACE_BOUND('',#2235,.T.);
#2703=FACE_BOUND('',#2236,.T.);
#2704=FACE_BOUND('',#2237,.T.);
#2705=FACE_BOUND('',#2238,.T.);
#2706=FACE_BOUND('',#2239,.T.);
#2707=FACE_BOUND('',#2240,.T.);
#2708=FACE_BOUND('',#2241,.T.);
#2709=FACE_BOUND('',#2242,.T.);
#2710=FACE_BOUND('',#2243,.T.);
#2711=FACE_BOUND('',#2244,.T.);
#2712=FACE_BOUND('',#2245,.T.);
#2713=FACE_BOUND('',#2246,.T.);
#2714=FACE_BOUND('',#2247,.T.);
#2715=FACE_BOUND('',#2248,.T.);
#2716=FACE_BOUND('',#2249,.T.);
#2717=FACE_BOUND('',#2250,.T.);
#2718=FACE_BOUND('',#2251,.T.);
#2719=FACE_BOUND('',#2252,.T.);
#2720=FACE_BOUND('',#2253,.T.);
#2721=FACE_BOUND('',#2254,.T.);
#2722=FACE_BOUND('',#2255,.T.);
#2723=FACE_BOUND('',#2256,.T.);
#2724=FACE_BOUND('',#2257,.T.);
#2725=FACE_BOUND('',#2258,.T.);
#2726=FACE_BOUND('',#2259,.T.);
#2727=FACE_BOUND('',#2260,.T.);
#2728=FACE_BOUND('',#2261,.T.);
#2729=FACE_BOUND('',#2262,.T.);
#2730=FACE_BOUND('',#2263,.T.);
#2731=FACE_BOUND('',#2264,.T.);
#2732=FACE_BOUND('',#2265,.T.);
#2733=FACE_BOUND('',#2266,.T.);
#2734=FACE_BOUND('',#2267,.T.);
#2735=FACE_BOUND('',#2268,.T.);
#2736=FACE_BOUND('',#2269,.T.);
#2737=FACE_BOUND('',#2270,.T.);
#2738=FACE_BOUND('',#2271,.T.);
#2739=FACE_BOUND('',#2272,.T.);
#2740=FACE_BOUND('',#2273,.T.);
#2741=FACE_BOUND('',#2274,.T.);
#2742=FACE_BOUND('',#2275,.T.);
#2743=FACE_BOUND('',#2276,.T.);
#2744=FACE_BOUND('',#2277,.T.);
#2745=FACE_BOUND('',#2278,.T.);
#2746=FACE_BOUND('',#2279,.T.);
#2747=FACE_BOUND('',#2280,.T.);
#2748=FACE_BOUND('',#2281,.T.);
#2749=FACE_BOUND('',#2282,.T.);
#2750=FACE_BOUND('',#2283,.T.);
#2751=FACE_BOUND('',#2284,.T.);
#2752=FACE_BOUND('',#2285,.T.);
#2753=FACE_BOUND('',#2286,.T.);
#2754=FACE_BOUND('',#2287,.T.);
#2755=FACE_BOUND('',#2288,.T.);
#2756=FACE_BOUND('',#2289,.T.);
#2757=FACE_BOUND('',#2290,.T.);
#2758=FACE_BOUND('',#2291,.T.);
#2759=FACE_BOUND('',#2292,.T.);
#2760=FACE_BOUND('',#2293,.T.);
#2761=FACE_BOUND('',#2294,.T.);
#2762=FACE_BOUND('',#2295,.T.);
#2763=FACE_BOUND('',#2296,.T.);
#2764=FACE_BOUND('',#2297,.T.);
#2765=FACE_BOUND('',#2298,.T.);
#2766=FACE_BOUND('',#2299,.T.);
#2767=FACE_BOUND('',#2300,.T.);
#2768=FACE_BOUND('',#2301,.T.);
#2769=FACE_BOUND('',#2302,.T.);
#2770=FACE_BOUND('',#2303,.T.);
#2771=FACE_BOUND('',#2304,.T.);
#2772=FACE_BOUND('',#2305,.T.);
#2773=FACE_BOUND('',#2306,.T.);
#2774=FACE_BOUND('',#2307,.T.);
#2775=FACE_BOUND('',#2308,.T.);
#2776=FACE_BOUND('',#2309,.T.);
#2777=FACE_BOUND('',#2310,.T.);
#2778=FACE_BOUND('',#2311,.T.);
#2779=FACE_BOUND('',#2312,.T.);
#2780=FACE_BOUND('',#2313,.T.);
#2781=FACE_BOUND('',#2314,.T.);
#2782=FACE_BOUND('',#2315,.T.);
#2783=FACE_BOUND('',#2316,.T.);
#2784=FACE_BOUND('',#2317,.T.);
#2785=FACE_BOUND('',#2318,.T.);
#2786=FACE_BOUND('',#2319,.T.);
#2787=FACE_BOUND('',#2320,.T.);
#2788=FACE_BOUND('',#2321,.T.);
#2789=FACE_BOUND('',#2322,.T.);
#2790=FACE_BOUND('',#2323,.T.);
#2791=FACE_BOUND('',#2324,.T.);
#2792=FACE_BOUND('',#2325,.T.);
#2793=FACE_BOUND('',#2326,.T.);
#2794=FACE_BOUND('',#2327,.T.);
#2795=FACE_BOUND('',#2328,.T.);
#2796=FACE_BOUND('',#2329,.T.);
#2797=FACE_BOUND('',#2330,.T.);
#2798=FACE_BOUND('',#2331,.T.);
#2799=FACE_BOUND('',#2332,.T.);
#2800=FACE_BOUND('',#2333,.T.);
#2801=FACE_BOUND('',#2334,.T.);
#2802=FACE_BOUND('',#2335,.T.);
#2803=FACE_BOUND('',#2336,.T.);
#2804=FACE_BOUND('',#2337,.T.);
#2805=FACE_BOUND('',#2338,.T.);
#2806=FACE_BOUND('',#2339,.T.);
#2807=FACE_BOUND('',#2340,.T.);
#2808=FACE_BOUND('',#2341,.T.);
#2809=FACE_BOUND('',#2342,.T.);
#2810=FACE_BOUND('',#2343,.T.);
#2811=FACE_BOUND('',#2344,.T.);
#2812=FACE_BOUND('',#2345,.T.);
#2813=FACE_BOUND('',#2346,.T.);
#2814=FACE_BOUND('',#2347,.T.);
#2815=FACE_BOUND('',#2348,.T.);
#2816=FACE_BOUND('',#2349,.T.);
#2817=FACE_BOUND('',#2350,.T.);
#2818=FACE_BOUND('',#2351,.T.);
#2819=FACE_BOUND('',#2352,.T.);
#2820=FACE_BOUND('',#2353,.T.);
#2821=FACE_BOUND('',#2354,.T.);
#2822=FACE_BOUND('',#2355,.T.);
#2823=FACE_BOUND('',#2356,.T.);
#2824=FACE_BOUND('',#2357,.T.);
#2825=FACE_BOUND('',#2358,.T.);
#2826=FACE_BOUND('',#2359,.T.);
#2827=FACE_BOUND('',#2360,.T.);
#2828=FACE_BOUND('',#2361,.T.);
#2829=FACE_BOUND('',#2362,.T.);
#2830=FACE_BOUND('',#2363,.T.);
#2831=FACE_BOUND('',#2364,.T.);
#2832=FACE_BOUND('',#2365,.T.);
#2833=FACE_BOUND('',#2366,.T.);
#2834=FACE_BOUND('',#2367,.T.);
#2835=FACE_BOUND('',#2368,.T.);
#2836=FACE_BOUND('',#2369,.T.);
#2837=FACE_BOUND('',#2370,.T.);
#2838=FACE_BOUND('',#2371,.T.);
#2839=FACE_BOUND('',#2372,.T.);
#2840=FACE_BOUND('',#2373,.T.);
#2841=FACE_BOUND('',#2374,.T.);
#2842=FACE_BOUND('',#2375,.T.);
#2843=FACE_BOUND('',#2376,.T.);
#2844=FACE_BOUND('',#2377,.T.);
#2845=FACE_BOUND('',#2378,.T.);
#2846=FACE_BOUND('',#2379,.T.);
#2847=FACE_BOUND('',#2380,.T.);
#2848=FACE_BOUND('',#2381,.T.);
#2849=FACE_BOUND('',#2382,.T.);
#2850=FACE_BOUND('',#2383,.T.);
#2851=FACE_BOUND('',#2384,.T.);
#2852=FACE_BOUND('',#2385,.T.);
#2853=FACE_BOUND('',#2386,.T.);
#2854=FACE_BOUND('',#2387,.T.);
#2855=FACE_BOUND('',#2388,.T.);
#2856=FACE_BOUND('',#2389,.T.);
#2857=FACE_BOUND('',#2390,.T.);
#2858=FACE_BOUND('',#2391,.T.);
#2859=FACE_BOUND('',#2392,.T.);
#2860=FACE_BOUND('',#2393,.T.);
#2861=FACE_BOUND('',#2394,.T.);
#2862=FACE_BOUND('',#2395,.T.);
#2863=FACE_BOUND('',#2396,.T.);
#2864=FACE_BOUND('',#2397,.T.);
#2865=FACE_BOUND('',#2398,.T.);
#2866=FACE_BOUND('',#2399,.T.);
#2867=FACE_BOUND('',#2400,.T.);
#2868=FACE_BOUND('',#2401,.T.);
#2869=FACE_BOUND('',#2402,.T.);
#2870=FACE_BOUND('',#2403,.T.);
#2871=FACE_BOUND('',#2404,.T.);
#2872=FACE_BOUND('',#2405,.T.);
#2873=FACE_BOUND('',#2406,.T.);
#2874=FACE_BOUND('',#2407,.T.);
#2875=FACE_BOUND('',#2408,.T.);
#2876=FACE_BOUND('',#2409,.T.);
#2877=FACE_BOUND('',#2410,.T.);
#2878=FACE_BOUND('',#2411,.T.);
#2879=FACE_BOUND('',#2412,.T.);
#2880=FACE_BOUND('',#2413,.T.);
#2881=FACE_BOUND('',#2414,.T.);
#2882=FACE_BOUND('',#2415,.T.);
#2883=FACE_BOUND('',#2416,.T.);
#2884=FACE_BOUND('',#2417,.T.);
#2885=FACE_BOUND('',#2418,.T.);
#2886=FACE_BOUND('',#2419,.T.);
#2887=FACE_BOUND('',#2420,.T.);
#2888=FACE_BOUND('',#2421,.T.);
#2889=FACE_BOUND('',#2422,.T.);
#2890=FACE_BOUND('',#2423,.T.);
#2891=FACE_BOUND('',#2424,.T.);
#2892=FACE_BOUND('',#2425,.T.);
#2893=FACE_BOUND('',#2426,.T.);
#2894=FACE_BOUND('',#2427,.T.);
#2895=FACE_BOUND('',#2428,.T.);
#2896=FACE_BOUND('',#2429,.T.);
#2897=FACE_BOUND('',#2430,.T.);
#2898=FACE_BOUND('',#2431,.T.);
#2899=FACE_BOUND('',#2432,.T.);
#2900=FACE_BOUND('',#2433,.T.);
#2901=FACE_BOUND('',#2434,.T.);
#2902=FACE_BOUND('',#2435,.T.);
#2903=FACE_BOUND('',#2436,.T.);
#2904=FACE_BOUND('',#2437,.T.);
#2905=FACE_BOUND('',#2438,.T.);
#2906=FACE_BOUND('',#2439,.T.);
#2907=FACE_BOUND('',#2440,.T.);
#2908=FACE_BOUND('',#2441,.T.);
#2909=FACE_BOUND('',#2442,.T.);
#2910=FACE_BOUND('',#2443,.T.);
#2911=FACE_BOUND('',#2444,.T.);
#2912=FACE_BOUND('',#2445,.T.);
#2913=FACE_BOUND('',#2446,.T.);
#2914=FACE_BOUND('',#2447,.T.);
#2915=FACE_BOUND('',#2448,.T.);
#2916=FACE_BOUND('',#2449,.T.);
#2917=FACE_BOUND('',#2450,.T.);
#2918=FACE_BOUND('',#2451,.T.);
#2919=FACE_BOUND('',#2452,.T.);
#2920=FACE_BOUND('',#2453,.T.);
#2921=FACE_BOUND('',#2454,.T.);
#2922=FACE_BOUND('',#2455,.T.);
#2923=FACE_BOUND('',#2456,.T.);
#2924=FACE_BOUND('',#2457,.T.);
#2925=FACE_BOUND('',#2458,.T.);
#2926=FACE_BOUND('',#2459,.T.);
#2927=FACE_BOUND('',#2460,.T.);
#2928=FACE_BOUND('',#2461,.T.);
#2929=FACE_BOUND('',#2462,.T.);
#2930=FACE_BOUND('',#2463,.T.);
#2931=FACE_BOUND('',#2464,.T.);
#2932=FACE_BOUND('',#2465,.T.);
#2933=FACE_BOUND('',#2466,.T.);
#2934=FACE_BOUND('',#2467,.T.);
#2935=FACE_BOUND('',#2468,.T.);
#2936=FACE_BOUND('',#2469,.T.);
#2937=FACE_BOUND('',#2470,.T.);
#2938=FACE_BOUND('',#2471,.T.);
#2939=FACE_BOUND('',#2472,.T.);
#2940=FACE_BOUND('',#2473,.T.);
#2941=FACE_BOUND('',#2474,.T.);
#2942=FACE_BOUND('',#2475,.T.);
#2943=FACE_BOUND('',#2476,.T.);
#2944=FACE_BOUND('',#2477,.T.);
#2945=FACE_BOUND('',#2478,.T.);
#2946=FACE_BOUND('',#2479,.T.);
#2947=FACE_BOUND('',#2480,.T.);
#2948=FACE_BOUND('',#2481,.T.);
#2949=FACE_BOUND('',#2482,.T.);
#2950=FACE_BOUND('',#2483,.T.);
#2951=FACE_BOUND('',#2484,.T.);
#2952=FACE_BOUND('',#2485,.T.);
#2953=FACE_BOUND('',#2486,.T.);
#2954=FACE_BOUND('',#2487,.T.);
#2955=FACE_BOUND('',#2488,.T.);
#2956=FACE_BOUND('',#2489,.T.);
#2957=FACE_BOUND('',#2490,.T.);
#2958=FACE_BOUND('',#2491,.T.);
#2959=FACE_BOUND('',#2492,.T.);
#2960=FACE_BOUND('',#2493,.T.);
#2961=FACE_BOUND('',#2494,.T.);
#2962=FACE_BOUND('',#2495,.T.);
#2963=FACE_BOUND('',#2496,.T.);
#2964=FACE_BOUND('',#2497,.T.);
#2965=FACE_BOUND('',#2498,.T.);
#2966=FACE_BOUND('',#2499,.T.);
#2967=FACE_BOUND('',#2500,.T.);
#2968=FACE_BOUND('',#2501,.T.);
#2969=FACE_BOUND('',#2502,.T.);
#2970=FACE_BOUND('',#2503,.T.);
#2971=FACE_BOUND('',#2504,.T.);
#2972=FACE_BOUND('',#2505,.T.);
#2973=FACE_BOUND('',#2506,.T.);
#2974=FACE_BOUND('',#2507,.T.);
#2975=FACE_BOUND('',#2508,.T.);
#2976=FACE_BOUND('',#2509,.T.);
#2977=FACE_BOUND('',#2510,.T.);
#2978=FACE_BOUND('',#2511,.T.);
#2979=FACE_BOUND('',#2512,.T.);
#2980=FACE_BOUND('',#2513,.T.);
#2981=FACE_BOUND('',#2514,.T.);
#2982=FACE_BOUND('',#2515,.T.);
#2983=FACE_BOUND('',#2516,.T.);
#2984=FACE_BOUND('',#2517,.T.);
#2985=FACE_BOUND('',#2518,.T.);
#2986=FACE_BOUND('',#2519,.T.);
#2987=FACE_BOUND('',#2520,.T.);
#2988=FACE_BOUND('',#2521,.T.);
#2989=FACE_BOUND('',#2522,.T.);
#2990=FACE_BOUND('',#2523,.T.);
#2991=FACE_BOUND('',#2524,.T.);
#2992=FACE_BOUND('',#2525,.T.);
#2993=FACE_BOUND('',#2526,.T.);
#2994=FACE_BOUND('',#2527,.T.);
#2995=FACE_BOUND('',#2528,.T.);
#2996=FACE_BOUND('',#2529,.T.);
#2997=FACE_BOUND('',#2530,.T.);
#2998=FACE_BOUND('',#2531,.T.);
#2999=FACE_BOUND('',#2532,.T.);
#3000=FACE_BOUND('',#2533,.T.);
#3001=FACE_BOUND('',#2534,.T.);
#3002=FACE_BOUND('',#2535,.T.);
#3003=FACE_BOUND('',#2536,.T.);
#3004=FACE_BOUND('',#2537,.T.);
#3005=FACE_BOUND('',#2538,.T.);
#3006=FACE_BOUND('',#2539,.T.);
#3007=FACE_BOUND('',#2540,.T.);
#3008=FACE_BOUND('',#2541,.T.);
#3009=FACE_BOUND('',#2542,.T.);
#3010=FACE_BOUND('',#2543,.T.);
#3011=FACE_BOUND('',#2544,.T.);
#3012=FACE_BOUND('',#2545,.T.);
#3013=FACE_BOUND('',#2546,.T.);
#3014=FACE_BOUND('',#2547,.T.);
#3015=FACE_BOUND('',#2548,.T.);
#3016=FACE_BOUND('',#2549,.T.);
#3017=FACE_BOUND('',#2550,.T.);
#3018=FACE_BOUND('',#2551,.T.);
#3019=FACE_BOUND('',#2552,.T.);
#3020=FACE_BOUND('',#2553,.T.);
#3021=FACE_BOUND('',#2554,.T.);
#3022=FACE_BOUND('',#2555,.T.);
#3023=FACE_BOUND('',#2556,.T.);
#3024=FACE_BOUND('',#2557,.T.);
#3025=FACE_BOUND('',#2558,.T.);
#3026=FACE_BOUND('',#2559,.T.);
#3027=FACE_BOUND('',#2560,.T.);
#3028=FACE_BOUND('',#2561,.T.);
#3029=FACE_BOUND('',#2562,.T.);
#3030=FACE_BOUND('',#2563,.T.);
#3031=FACE_BOUND('',#2564,.T.);
#3032=FACE_BOUND('',#2565,.T.);
#3033=FACE_BOUND('',#2566,.T.);
#3034=FACE_BOUND('',#2567,.T.);
#3035=FACE_BOUND('',#2568,.T.);
#3036=FACE_BOUND('',#2569,.T.);
#3037=FACE_BOUND('',#2570,.T.);
#3038=FACE_BOUND('',#2571,.T.);
#3039=FACE_BOUND('',#2572,.T.);
#3040=FACE_BOUND('',#2573,.T.);
#3041=FACE_BOUND('',#2574,.T.);
#3042=FACE_BOUND('',#2575,.T.);
#3043=FACE_BOUND('',#2576,.T.);
#3044=FACE_BOUND('',#2577,.T.);
#3045=FACE_BOUND('',#2578,.T.);
#3046=FACE_BOUND('',#2579,.T.);
#3047=FACE_BOUND('',#2580,.T.);
#3048=FACE_BOUND('',#2581,.T.);
#3049=FACE_BOUND('',#2582,.T.);
#3050=FACE_BOUND('',#2583,.T.);
#3051=FACE_BOUND('',#2584,.T.);
#3052=FACE_BOUND('',#2585,.T.);
#3053=PLANE('',#3335);
#3054=PLANE('',#3339);
#3055=PLANE('',#3344);
#3056=PLANE('',#3345);
#3057=PLANE('',#3346);
#3058=PLANE('',#3347);
#3059=PLANE('',#3348);
#3060=PLANE('',#3350);
#3061=PLANE('',#3351);
#3062=PLANE('',#3353);
#3063=PLANE('',#3356);
#3064=PLANE('',#3357);
#3065=PLANE('',#3358);
#3066=PLANE('',#3359);
#3067=PLANE('',#3362);
#3068=PLANE('',#3363);
#3069=PLANE('',#3364);
#3070=PLANE('',#3365);
#3071=PLANE('',#3366);
#3072=PLANE('',#3367);
#3073=PLANE('',#3503);
#3074=PLANE('',#3504);
#3075=PLANE('',#3506);
#3076=PLANE('',#3507);
#3077=PLANE('',#3508);
#3078=PLANE('',#3509);
#3079=PLANE('',#3510);
#3080=PLANE('',#3511);
#3081=PLANE('',#3647);
#3082=PLANE('',#3648);
#3083=PLANE('',#3650);
#3084=PLANE('',#3651);
#3085=PLANE('',#3658);
#3086=PLANE('',#3659);
#3087=PLANE('',#3666);
#3088=PLANE('',#3667);
#3089=PLANE('',#3668);
#3090=PLANE('',#3669);
#3091=PLANE('',#3670);
#3092=PLANE('',#3671);
#3093=PLANE('',#3672);
#3094=PLANE('',#3673);
#3095=PLANE('',#3674);
#3096=PLANE('',#3675);
#3097=PLANE('',#3676);
#3098=PLANE('',#3677);
#3099=PLANE('',#3678);
#3100=PLANE('',#3679);
#3101=PLANE('',#3680);
#3102=PLANE('',#3681);
#3103=PLANE('',#3682);
#3104=PLANE('',#3683);
#3105=PLANE('',#3684);
#3106=PLANE('',#3685);
#3107=PLANE('',#3686);
#3108=PLANE('',#3687);
#3109=PLANE('',#3694);
#3110=PLANE('',#3695);
#3111=PLANE('',#3696);
#3112=PLANE('',#3697);
#3113=PLANE('',#3698);
#3114=PLANE('',#3699);
#3115=PLANE('',#3706);
#3116=PLANE('',#3707);
#3117=PLANE('',#3708);
#3118=PLANE('',#3709);
#3119=ADVANCED_FACE('',(#2586,#2587,#2588),#3053,.T.);
#3120=ADVANCED_FACE('',(#2589,#2590,#2591),#3054,.F.);
#3121=ADVANCED_FACE('',(#2592),#34,.T.);
#3122=ADVANCED_FACE('',(#2593),#3055,.F.);
#3123=ADVANCED_FACE('',(#2594),#3056,.F.);
#3124=ADVANCED_FACE('',(#2595),#3057,.T.);
#3125=ADVANCED_FACE('',(#2596),#3058,.T.);
#3126=ADVANCED_FACE('',(#2597,#2598),#3059,.T.);
#3127=ADVANCED_FACE('',(#2599),#3060,.T.);
#3128=ADVANCED_FACE('',(#2600,#2601),#3061,.T.);
#3129=ADVANCED_FACE('',(#2602),#3062,.T.);
#3130=ADVANCED_FACE('',(#2603,#2604),#35,.F.);
#3131=ADVANCED_FACE('',(#2605,#2606),#36,.F.);
#3132=ADVANCED_FACE('',(#2607),#3063,.F.);
#3133=ADVANCED_FACE('',(#2608),#3064,.F.);
#3134=ADVANCED_FACE('',(#2609),#3065,.F.);
#3135=ADVANCED_FACE('',(#2610),#3066,.T.);
#3136=ADVANCED_FACE('',(#2611,#2612),#37,.F.);
#3137=ADVANCED_FACE('',(#2613),#3067,.T.);
#3138=ADVANCED_FACE('',(#2614),#3068,.F.);
#3139=ADVANCED_FACE('',(#2615),#3069,.T.);
#3140=ADVANCED_FACE('',(#2616),#3070,.F.);
#3141=ADVANCED_FACE('',(#2617),#3071,.F.);
#3142=ADVANCED_FACE('',(#2618),#3072,.T.);
#3143=ADVANCED_FACE('',(#2619,#2620),#38,.F.);
#3144=ADVANCED_FACE('',(#2621,#2622),#39,.F.);
#3145=ADVANCED_FACE('',(#2623,#2624),#40,.F.);
#3146=ADVANCED_FACE('',(#2625,#2626),#41,.F.);
#3147=ADVANCED_FACE('',(#2627,#2628),#42,.F.);
#3148=ADVANCED_FACE('',(#2629,#2630),#43,.F.);
#3149=ADVANCED_FACE('',(#2631,#2632),#44,.F.);
#3150=ADVANCED_FACE('',(#2633,#2634),#45,.F.);
#3151=ADVANCED_FACE('',(#2635,#2636),#46,.F.);
#3152=ADVANCED_FACE('',(#2637,#2638),#47,.F.);
#3153=ADVANCED_FACE('',(#2639,#2640),#48,.F.);
#3154=ADVANCED_FACE('',(#2641,#2642),#49,.F.);
#3155=ADVANCED_FACE('',(#2643,#2644),#50,.F.);
#3156=ADVANCED_FACE('',(#2645,#2646),#51,.F.);
#3157=ADVANCED_FACE('',(#2647,#2648),#52,.F.);
#3158=ADVANCED_FACE('',(#2649,#2650),#53,.F.);
#3159=ADVANCED_FACE('',(#2651,#2652),#54,.F.);
#3160=ADVANCED_FACE('',(#2653,#2654),#55,.F.);
#3161=ADVANCED_FACE('',(#2655,#2656),#56,.F.);
#3162=ADVANCED_FACE('',(#2657,#2658),#57,.F.);
#3163=ADVANCED_FACE('',(#2659,#2660),#58,.F.);
#3164=ADVANCED_FACE('',(#2661,#2662),#59,.F.);
#3165=ADVANCED_FACE('',(#2663,#2664),#60,.F.);
#3166=ADVANCED_FACE('',(#2665,#2666),#61,.F.);
#3167=ADVANCED_FACE('',(#2667,#2668),#62,.F.);
#3168=ADVANCED_FACE('',(#2669,#2670),#63,.F.);
#3169=ADVANCED_FACE('',(#2671,#2672),#64,.F.);
#3170=ADVANCED_FACE('',(#2673,#2674),#65,.F.);
#3171=ADVANCED_FACE('',(#2675,#2676),#66,.F.);
#3172=ADVANCED_FACE('',(#2677,#2678),#67,.F.);
#3173=ADVANCED_FACE('',(#2679,#2680),#68,.F.);
#3174=ADVANCED_FACE('',(#2681,#2682),#69,.F.);
#3175=ADVANCED_FACE('',(#2683,#2684),#70,.F.);
#3176=ADVANCED_FACE('',(#2685,#2686),#71,.F.);
#3177=ADVANCED_FACE('',(#2687,#2688),#72,.F.);
#3178=ADVANCED_FACE('',(#2689,#2690),#73,.F.);
#3179=ADVANCED_FACE('',(#2691,#2692),#74,.F.);
#3180=ADVANCED_FACE('',(#2693,#2694),#75,.F.);
#3181=ADVANCED_FACE('',(#2695,#2696),#76,.F.);
#3182=ADVANCED_FACE('',(#2697,#2698),#77,.F.);
#3183=ADVANCED_FACE('',(#2699,#2700),#78,.F.);
#3184=ADVANCED_FACE('',(#2701,#2702),#79,.F.);
#3185=ADVANCED_FACE('',(#2703,#2704),#80,.F.);
#3186=ADVANCED_FACE('',(#2705,#2706),#81,.F.);
#3187=ADVANCED_FACE('',(#2707,#2708),#82,.F.);
#3188=ADVANCED_FACE('',(#2709,#2710,#2711,#2712,#2713,#2714,#2715,#2716,
#2717,#2718,#2719,#2720,#2721,#2722,#2723,#2724,#2725,#2726,#2727,#2728,
#2729,#2730,#2731,#2732,#2733,#2734,#2735,#2736,#2737,#2738,#2739,#2740,
#2741,#2742,#2743,#2744,#2745,#2746,#2747,#2748,#2749,#2750,#2751,#2752,
#2753,#2754),#3073,.T.);
#3189=ADVANCED_FACE('',(#2755,#2756,#2757,#2758,#2759,#2760,#2761,#2762,
#2763,#2764,#2765,#2766,#2767,#2768,#2769,#2770,#2771,#2772,#2773,#2774,
#2775,#2776,#2777,#2778,#2779,#2780,#2781,#2782,#2783,#2784,#2785,#2786,
#2787,#2788,#2789,#2790,#2791,#2792,#2793,#2794,#2795,#2796,#2797,#2798,
#2799,#2800),#3074,.F.);
#3190=ADVANCED_FACE('',(#2801),#3075,.T.);
#3191=ADVANCED_FACE('',(#2802),#3076,.F.);
#3192=ADVANCED_FACE('',(#2803),#3077,.T.);
#3193=ADVANCED_FACE('',(#2804),#3078,.F.);
#3194=ADVANCED_FACE('',(#2805),#3079,.F.);
#3195=ADVANCED_FACE('',(#2806),#3080,.T.);
#3196=ADVANCED_FACE('',(#2807,#2808),#83,.F.);
#3197=ADVANCED_FACE('',(#2809,#2810),#84,.F.);
#3198=ADVANCED_FACE('',(#2811,#2812),#85,.F.);
#3199=ADVANCED_FACE('',(#2813,#2814),#86,.F.);
#3200=ADVANCED_FACE('',(#2815,#2816),#87,.F.);
#3201=ADVANCED_FACE('',(#2817,#2818),#88,.F.);
#3202=ADVANCED_FACE('',(#2819,#2820),#89,.F.);
#3203=ADVANCED_FACE('',(#2821,#2822),#90,.F.);
#3204=ADVANCED_FACE('',(#2823,#2824),#91,.F.);
#3205=ADVANCED_FACE('',(#2825,#2826),#92,.F.);
#3206=ADVANCED_FACE('',(#2827,#2828),#93,.F.);
#3207=ADVANCED_FACE('',(#2829,#2830),#94,.F.);
#3208=ADVANCED_FACE('',(#2831,#2832),#95,.F.);
#3209=ADVANCED_FACE('',(#2833,#2834),#96,.F.);
#3210=ADVANCED_FACE('',(#2835,#2836),#97,.F.);
#3211=ADVANCED_FACE('',(#2837,#2838),#98,.F.);
#3212=ADVANCED_FACE('',(#2839,#2840),#99,.F.);
#3213=ADVANCED_FACE('',(#2841,#2842),#100,.F.);
#3214=ADVANCED_FACE('',(#2843,#2844),#101,.F.);
#3215=ADVANCED_FACE('',(#2845,#2846),#102,.F.);
#3216=ADVANCED_FACE('',(#2847,#2848),#103,.F.);
#3217=ADVANCED_FACE('',(#2849,#2850),#104,.F.);
#3218=ADVANCED_FACE('',(#2851,#2852),#105,.F.);
#3219=ADVANCED_FACE('',(#2853,#2854),#106,.F.);
#3220=ADVANCED_FACE('',(#2855,#2856),#107,.F.);
#3221=ADVANCED_FACE('',(#2857,#2858),#108,.F.);
#3222=ADVANCED_FACE('',(#2859,#2860),#109,.F.);
#3223=ADVANCED_FACE('',(#2861,#2862),#110,.F.);
#3224=ADVANCED_FACE('',(#2863,#2864),#111,.F.);
#3225=ADVANCED_FACE('',(#2865,#2866),#112,.F.);
#3226=ADVANCED_FACE('',(#2867,#2868),#113,.F.);
#3227=ADVANCED_FACE('',(#2869,#2870),#114,.F.);
#3228=ADVANCED_FACE('',(#2871,#2872),#115,.F.);
#3229=ADVANCED_FACE('',(#2873,#2874),#116,.F.);
#3230=ADVANCED_FACE('',(#2875,#2876),#117,.F.);
#3231=ADVANCED_FACE('',(#2877,#2878),#118,.F.);
#3232=ADVANCED_FACE('',(#2879,#2880),#119,.F.);
#3233=ADVANCED_FACE('',(#2881,#2882),#120,.F.);
#3234=ADVANCED_FACE('',(#2883,#2884),#121,.F.);
#3235=ADVANCED_FACE('',(#2885,#2886),#122,.F.);
#3236=ADVANCED_FACE('',(#2887,#2888),#123,.F.);
#3237=ADVANCED_FACE('',(#2889,#2890),#124,.F.);
#3238=ADVANCED_FACE('',(#2891,#2892),#125,.F.);
#3239=ADVANCED_FACE('',(#2893,#2894),#126,.F.);
#3240=ADVANCED_FACE('',(#2895,#2896),#127,.F.);
#3241=ADVANCED_FACE('',(#2897,#2898,#2899,#2900,#2901,#2902,#2903,#2904,
#2905,#2906,#2907,#2908,#2909,#2910,#2911,#2912,#2913,#2914,#2915,#2916,
#2917,#2918,#2919,#2920,#2921,#2922,#2923,#2924,#2925,#2926,#2927,#2928,
#2929,#2930,#2931,#2932,#2933,#2934,#2935,#2936,#2937,#2938,#2939,#2940,
#2941,#2942),#3081,.T.);
#3242=ADVANCED_FACE('',(#2943,#2944,#2945,#2946,#2947,#2948,#2949,#2950,
#2951,#2952,#2953,#2954,#2955,#2956,#2957,#2958,#2959,#2960,#2961,#2962,
#2963,#2964,#2965,#2966,#2967,#2968,#2969,#2970,#2971,#2972,#2973,#2974,
#2975,#2976,#2977,#2978,#2979,#2980,#2981,#2982,#2983,#2984,#2985,#2986,
#2987,#2988),#3082,.F.);
#3243=ADVANCED_FACE('',(#2989),#3083,.F.);
#3244=ADVANCED_FACE('',(#2990),#3084,.T.);
#3245=ADVANCED_FACE('',(#2991),#128,.T.);
#3246=ADVANCED_FACE('',(#2992,#2993),#129,.F.);
#3247=ADVANCED_FACE('',(#2994,#2995,#2996,#2997,#2998),#3085,.T.);
#3248=ADVANCED_FACE('',(#2999),#3086,.F.);
#3249=ADVANCED_FACE('',(#3000),#130,.T.);
#3250=ADVANCED_FACE('',(#3001,#3002),#131,.F.);
#3251=ADVANCED_FACE('',(#3003),#3087,.T.);
#3252=ADVANCED_FACE('',(#3004),#3088,.F.);
#3253=ADVANCED_FACE('',(#3005),#3089,.F.);
#3254=ADVANCED_FACE('',(#3006),#3090,.T.);
#3255=ADVANCED_FACE('',(#3007),#3091,.F.);
#3256=ADVANCED_FACE('',(#3008),#3092,.F.);
#3257=ADVANCED_FACE('',(#3009),#3093,.T.);
#3258=ADVANCED_FACE('',(#3010),#3094,.F.);
#3259=ADVANCED_FACE('',(#3011),#3095,.F.);
#3260=ADVANCED_FACE('',(#3012),#3096,.T.);
#3261=ADVANCED_FACE('',(#3013),#3097,.F.);
#3262=ADVANCED_FACE('',(#3014),#3098,.F.);
#3263=ADVANCED_FACE('',(#3015),#3099,.T.);
#3264=ADVANCED_FACE('',(#3016),#3100,.F.);
#3265=ADVANCED_FACE('',(#3017),#3101,.F.);
#3266=ADVANCED_FACE('',(#3018),#3102,.T.);
#3267=ADVANCED_FACE('',(#3019),#3103,.T.);
#3268=ADVANCED_FACE('',(#3020),#3104,.T.);
#3269=ADVANCED_FACE('',(#3021),#3105,.T.);
#3270=ADVANCED_FACE('',(#3022),#3106,.T.);
#3271=ADVANCED_FACE('',(#3023,#3024,#3025,#3026,#3027),#3107,.F.);
#3272=ADVANCED_FACE('',(#3028),#3108,.F.);
#3273=ADVANCED_FACE('',(#3029),#132,.T.);
#3274=ADVANCED_FACE('',(#3030,#3031),#133,.F.);
#3275=ADVANCED_FACE('',(#3032,#3033),#3109,.T.);
#3276=ADVANCED_FACE('',(#3034,#3035),#3110,.F.);
#3277=ADVANCED_FACE('',(#3036,#3037),#3111,.F.);
#3278=ADVANCED_FACE('',(#3038,#3039),#3112,.T.);
#3279=ADVANCED_FACE('',(#3040),#3113,.F.);
#3280=ADVANCED_FACE('',(#3041),#3114,.T.);
#3281=ADVANCED_FACE('',(#3042),#134,.T.);
#3282=ADVANCED_FACE('',(#3043,#3044),#135,.F.);
#3283=ADVANCED_FACE('',(#3045,#3046),#3115,.T.);
#3284=ADVANCED_FACE('',(#3047,#3048),#3116,.F.);
#3285=ADVANCED_FACE('',(#3049,#3050),#3117,.T.);
#3286=ADVANCED_FACE('',(#3051,#3052),#3118,.F.);
#3287=CLOSED_SHELL('',(#3119,#3120,#3121,#3122,#3123,#3124,#3125,#3126,
#3127,#3128,#3129,#3130,#3131,#3132,#3133,#3134,#3135,#3136));
#3288=CLOSED_SHELL('',(#3137,#3138,#3139,#3140,#3141,#3142,#3143,#3144,
#3145,#3146,#3147,#3148,#3149,#3150,#3151,#3152,#3153,#3154,#3155,#3156,
#3157,#3158,#3159,#3160,#3161,#3162,#3163,#3164,#3165,#3166,#3167,#3168,
#3169,#3170,#3171,#3172,#3173,#3174,#3175,#3176,#3177,#3178,#3179,#3180,
#3181,#3182,#3183,#3184,#3185,#3186,#3187,#3188,#3189));
#3289=CLOSED_SHELL('',(#3190,#3191,#3192,#3193,#3194,#3195,#3196,#3197,
#3198,#3199,#3200,#3201,#3202,#3203,#3204,#3205,#3206,#3207,#3208,#3209,
#3210,#3211,#3212,#3213,#3214,#3215,#3216,#3217,#3218,#3219,#3220,#3221,
#3222,#3223,#3224,#3225,#3226,#3227,#3228,#3229,#3230,#3231,#3232,#3233,
#3234,#3235,#3236,#3237,#3238,#3239,#3240,#3241,#3242));
#3290=CLOSED_SHELL('',(#3243,#3244,#3245,#3246,#3247,#3248,#3249,#3250,
#3251,#3252,#3253,#3254,#3255,#3256,#3257,#3258,#3259,#3260,#3261,#3262,
#3263,#3264,#3265,#3266,#3267,#3268,#3269,#3270,#3271,#3272,#3273,#3274,
#3275,#3276,#3277,#3278,#3279,#3280,#3281,#3282,#3283,#3284,#3285,#3286));
#3291=STYLED_ITEM('',(#3295),#3320);
#3292=STYLED_ITEM('',(#3296),#3321);
#3293=STYLED_ITEM('',(#3297),#3322);
#3294=STYLED_ITEM('',(#3298),#3323);
#3295=PRESENTATION_STYLE_ASSIGNMENT((#3299));
#3296=PRESENTATION_STYLE_ASSIGNMENT((#3300));
#3297=PRESENTATION_STYLE_ASSIGNMENT((#3301));
#3298=PRESENTATION_STYLE_ASSIGNMENT((#3302));
#3299=SURFACE_STYLE_USAGE(.BOTH.,#3303);
#3300=SURFACE_STYLE_USAGE(.BOTH.,#3304);
#3301=SURFACE_STYLE_USAGE(.BOTH.,#3305);
#3302=SURFACE_STYLE_USAGE(.BOTH.,#3306);
#3303=SURFACE_SIDE_STYLE('',(#3307));
#3304=SURFACE_SIDE_STYLE('',(#3308));
#3305=SURFACE_SIDE_STYLE('',(#3309));
#3306=SURFACE_SIDE_STYLE('',(#3310));
#3307=SURFACE_STYLE_FILL_AREA(#3311);
#3308=SURFACE_STYLE_FILL_AREA(#3312);
#3309=SURFACE_STYLE_FILL_AREA(#3313);
#3310=SURFACE_STYLE_FILL_AREA(#3314);
#3311=FILL_AREA_STYLE('',(#3315));
#3312=FILL_AREA_STYLE('',(#3316));
#3313=FILL_AREA_STYLE('',(#3317));
#3314=FILL_AREA_STYLE('',(#3318));
#3315=FILL_AREA_STYLE_COLOUR('',#3319);
#3316=FILL_AREA_STYLE_COLOUR('',#3319);
#3317=FILL_AREA_STYLE_COLOUR('',#3319);
#3318=FILL_AREA_STYLE_COLOUR('',#3319);
#3319=COLOUR_RGB('',0.615686274509804,0.811764705882353,0.929411764705882);
#3320=MANIFOLD_SOLID_BREP('Part 1',#3287);
#3321=MANIFOLD_SOLID_BREP('Part 1',#3288);
#3322=MANIFOLD_SOLID_BREP('Part 1',#3289);
#3323=MANIFOLD_SOLID_BREP('Part 1',#3290);
#3324=SHAPE_DEFINITION_REPRESENTATION(#5510,#3329);
#3325=SHAPE_DEFINITION_REPRESENTATION(#5511,#3330);
#3326=SHAPE_DEFINITION_REPRESENTATION(#5513,#3331);
#3327=SHAPE_DEFINITION_REPRESENTATION(#5515,#3332);
#3328=SHAPE_DEFINITION_REPRESENTATION(#5517,#3333);
#3329=SHAPE_REPRESENTATION('Assembly 1',(#3334,#3361,#3505,#3649,#3710),
#5497);
#3330=SHAPE_REPRESENTATION('Part 1',(#3334),#5498);
#3331=SHAPE_REPRESENTATION('Part 1',(#3334),#5499);
#3332=SHAPE_REPRESENTATION('Part 1',(#3334),#5500);
#3333=SHAPE_REPRESENTATION('Part 1',(#3334),#5501);
#3334=AXIS2_PLACEMENT_3D('',#4636,#3711,#3712);
#3335=AXIS2_PLACEMENT_3D('',#4637,#3713,#3714);
#3336=AXIS2_PLACEMENT_3D('',#4638,#3715,#3716);
#3337=AXIS2_PLACEMENT_3D('',#4640,#3717,#3718);
#3338=AXIS2_PLACEMENT_3D('',#4649,#3722,#3723);
#3339=AXIS2_PLACEMENT_3D('',#4656,#3727,#3728);
#3340=AXIS2_PLACEMENT_3D('',#4657,#3729,#3730);
#3341=AXIS2_PLACEMENT_3D('',#4659,#3731,#3732);
#3342=AXIS2_PLACEMENT_3D('',#4672,#3738,#3739);
#3343=AXIS2_PLACEMENT_3D('',#4675,#3741,#3742);
#3344=AXIS2_PLACEMENT_3D('',#4678,#3745,#3746);
#3345=AXIS2_PLACEMENT_3D('',#4680,#3748,#3749);
#3346=AXIS2_PLACEMENT_3D('',#4682,#3751,#3752);
#3347=AXIS2_PLACEMENT_3D('',#4684,#3754,#3755);
#3348=AXIS2_PLACEMENT_3D('',#4686,#3757,#3758);
#3349=AXIS2_PLACEMENT_3D('',#4687,#3759,#3760);
#3350=AXIS2_PLACEMENT_3D('',#4698,#3766,#3767);
#3351=AXIS2_PLACEMENT_3D('',#4704,#3771,#3772);
#3352=AXIS2_PLACEMENT_3D('',#4705,#3773,#3774);
#3353=AXIS2_PLACEMENT_3D('',#4714,#3780,#3781);
#3354=AXIS2_PLACEMENT_3D('',#4715,#3782,#3783);
#3355=AXIS2_PLACEMENT_3D('',#4716,#3784,#3785);
#3356=AXIS2_PLACEMENT_3D('',#4717,#3786,#3787);
#3357=AXIS2_PLACEMENT_3D('',#4719,#3789,#3790);
#3358=AXIS2_PLACEMENT_3D('',#4720,#3791,#3792);
#3359=AXIS2_PLACEMENT_3D('',#4722,#3794,#3795);
#3360=AXIS2_PLACEMENT_3D('',#4723,#3796,#3797);
#3361=AXIS2_PLACEMENT_3D('',#4724,#3798,#3799);
#3362=AXIS2_PLACEMENT_3D('',#4725,#3800,#3801);
#3363=AXIS2_PLACEMENT_3D('',#4734,#3806,#3807);
#3364=AXIS2_PLACEMENT_3D('',#4740,#3811,#3812);
#3365=AXIS2_PLACEMENT_3D('',#4746,#3816,#3817);
#3366=AXIS2_PLACEMENT_3D('',#4752,#3821,#3822);
#3367=AXIS2_PLACEMENT_3D('',#4758,#3826,#3827);
#3368=AXIS2_PLACEMENT_3D('',#4761,#3830,#3831);
#3369=AXIS2_PLACEMENT_3D('',#4762,#3832,#3833);
#3370=AXIS2_PLACEMENT_3D('',#4764,#3834,#3835);
#3371=AXIS2_PLACEMENT_3D('',#4766,#3836,#3837);
#3372=AXIS2_PLACEMENT_3D('',#4767,#3838,#3839);
#3373=AXIS2_PLACEMENT_3D('',#4769,#3840,#3841);
#3374=AXIS2_PLACEMENT_3D('',#4771,#3842,#3843);
#3375=AXIS2_PLACEMENT_3D('',#4772,#3844,#3845);
#3376=AXIS2_PLACEMENT_3D('',#4774,#3846,#3847);
#3377=AXIS2_PLACEMENT_3D('',#4776,#3848,#3849);
#3378=AXIS2_PLACEMENT_3D('',#4777,#3850,#3851);
#3379=AXIS2_PLACEMENT_3D('',#4779,#3852,#3853);
#3380=AXIS2_PLACEMENT_3D('',#4781,#3854,#3855);
#3381=AXIS2_PLACEMENT_3D('',#4782,#3856,#3857);
#3382=AXIS2_PLACEMENT_3D('',#4784,#3858,#3859);
#3383=AXIS2_PLACEMENT_3D('',#4786,#3860,#3861);
#3384=AXIS2_PLACEMENT_3D('',#4787,#3862,#3863);
#3385=AXIS2_PLACEMENT_3D('',#4789,#3864,#3865);
#3386=AXIS2_PLACEMENT_3D('',#4791,#3866,#3867);
#3387=AXIS2_PLACEMENT_3D('',#4792,#3868,#3869);
#3388=AXIS2_PLACEMENT_3D('',#4794,#3870,#3871);
#3389=AXIS2_PLACEMENT_3D('',#4796,#3872,#3873);
#3390=AXIS2_PLACEMENT_3D('',#4797,#3874,#3875);
#3391=AXIS2_PLACEMENT_3D('',#4799,#3876,#3877);
#3392=AXIS2_PLACEMENT_3D('',#4801,#3878,#3879);
#3393=AXIS2_PLACEMENT_3D('',#4802,#3880,#3881);
#3394=AXIS2_PLACEMENT_3D('',#4804,#3882,#3883);
#3395=AXIS2_PLACEMENT_3D('',#4806,#3884,#3885);
#3396=AXIS2_PLACEMENT_3D('',#4807,#3886,#3887);
#3397=AXIS2_PLACEMENT_3D('',#4809,#3888,#3889);
#3398=AXIS2_PLACEMENT_3D('',#4811,#3890,#3891);
#3399=AXIS2_PLACEMENT_3D('',#4812,#3892,#3893);
#3400=AXIS2_PLACEMENT_3D('',#4814,#3894,#3895);
#3401=AXIS2_PLACEMENT_3D('',#4816,#3896,#3897);
#3402=AXIS2_PLACEMENT_3D('',#4817,#3898,#3899);
#3403=AXIS2_PLACEMENT_3D('',#4819,#3900,#3901);
#3404=AXIS2_PLACEMENT_3D('',#4821,#3902,#3903);
#3405=AXIS2_PLACEMENT_3D('',#4822,#3904,#3905);
#3406=AXIS2_PLACEMENT_3D('',#4824,#3906,#3907);
#3407=AXIS2_PLACEMENT_3D('',#4826,#3908,#3909);
#3408=AXIS2_PLACEMENT_3D('',#4827,#3910,#3911);
#3409=AXIS2_PLACEMENT_3D('',#4829,#3912,#3913);
#3410=AXIS2_PLACEMENT_3D('',#4831,#3914,#3915);
#3411=AXIS2_PLACEMENT_3D('',#4832,#3916,#3917);
#3412=AXIS2_PLACEMENT_3D('',#4834,#3918,#3919);
#3413=AXIS2_PLACEMENT_3D('',#4836,#3920,#3921);
#3414=AXIS2_PLACEMENT_3D('',#4837,#3922,#3923);
#3415=AXIS2_PLACEMENT_3D('',#4839,#3924,#3925);
#3416=AXIS2_PLACEMENT_3D('',#4841,#3926,#3927);
#3417=AXIS2_PLACEMENT_3D('',#4842,#3928,#3929);
#3418=AXIS2_PLACEMENT_3D('',#4844,#3930,#3931);
#3419=AXIS2_PLACEMENT_3D('',#4846,#3932,#3933);
#3420=AXIS2_PLACEMENT_3D('',#4847,#3934,#3935);
#3421=AXIS2_PLACEMENT_3D('',#4849,#3936,#3937);
#3422=AXIS2_PLACEMENT_3D('',#4851,#3938,#3939);
#3423=AXIS2_PLACEMENT_3D('',#4852,#3940,#3941);
#3424=AXIS2_PLACEMENT_3D('',#4854,#3942,#3943);
#3425=AXIS2_PLACEMENT_3D('',#4856,#3944,#3945);
#3426=AXIS2_PLACEMENT_3D('',#4857,#3946,#3947);
#3427=AXIS2_PLACEMENT_3D('',#4859,#3948,#3949);
#3428=AXIS2_PLACEMENT_3D('',#4861,#3950,#3951);
#3429=AXIS2_PLACEMENT_3D('',#4862,#3952,#3953);
#3430=AXIS2_PLACEMENT_3D('',#4864,#3954,#3955);
#3431=AXIS2_PLACEMENT_3D('',#4866,#3956,#3957);
#3432=AXIS2_PLACEMENT_3D('',#4867,#3958,#3959);
#3433=AXIS2_PLACEMENT_3D('',#4869,#3960,#3961);
#3434=AXIS2_PLACEMENT_3D('',#4871,#3962,#3963);
#3435=AXIS2_PLACEMENT_3D('',#4872,#3964,#3965);
#3436=AXIS2_PLACEMENT_3D('',#4874,#3966,#3967);
#3437=AXIS2_PLACEMENT_3D('',#4876,#3968,#3969);
#3438=AXIS2_PLACEMENT_3D('',#4877,#3970,#3971);
#3439=AXIS2_PLACEMENT_3D('',#4879,#3972,#3973);
#3440=AXIS2_PLACEMENT_3D('',#4881,#3974,#3975);
#3441=AXIS2_PLACEMENT_3D('',#4882,#3976,#3977);
#3442=AXIS2_PLACEMENT_3D('',#4884,#3978,#3979);
#3443=AXIS2_PLACEMENT_3D('',#4886,#3980,#3981);
#3444=AXIS2_PLACEMENT_3D('',#4887,#3982,#3983);
#3445=AXIS2_PLACEMENT_3D('',#4889,#3984,#3985);
#3446=AXIS2_PLACEMENT_3D('',#4891,#3986,#3987);
#3447=AXIS2_PLACEMENT_3D('',#4892,#3988,#3989);
#3448=AXIS2_PLACEMENT_3D('',#4894,#3990,#3991);
#3449=AXIS2_PLACEMENT_3D('',#4896,#3992,#3993);
#3450=AXIS2_PLACEMENT_3D('',#4897,#3994,#3995);
#3451=AXIS2_PLACEMENT_3D('',#4899,#3996,#3997);
#3452=AXIS2_PLACEMENT_3D('',#4901,#3998,#3999);
#3453=AXIS2_PLACEMENT_3D('',#4902,#4000,#4001);
#3454=AXIS2_PLACEMENT_3D('',#4904,#4002,#4003);
#3455=AXIS2_PLACEMENT_3D('',#4906,#4004,#4005);
#3456=AXIS2_PLACEMENT_3D('',#4907,#4006,#4007);
#3457=AXIS2_PLACEMENT_3D('',#4909,#4008,#4009);
#3458=AXIS2_PLACEMENT_3D('',#4911,#4010,#4011);
#3459=AXIS2_PLACEMENT_3D('',#4912,#4012,#4013);
#3460=AXIS2_PLACEMENT_3D('',#4914,#4014,#4015);
#3461=AXIS2_PLACEMENT_3D('',#4916,#4016,#4017);
#3462=AXIS2_PLACEMENT_3D('',#4917,#4018,#4019);
#3463=AXIS2_PLACEMENT_3D('',#4919,#4020,#4021);
#3464=AXIS2_PLACEMENT_3D('',#4921,#4022,#4023);
#3465=AXIS2_PLACEMENT_3D('',#4922,#4024,#4025);
#3466=AXIS2_PLACEMENT_3D('',#4924,#4026,#4027);
#3467=AXIS2_PLACEMENT_3D('',#4926,#4028,#4029);
#3468=AXIS2_PLACEMENT_3D('',#4927,#4030,#4031);
#3469=AXIS2_PLACEMENT_3D('',#4929,#4032,#4033);
#3470=AXIS2_PLACEMENT_3D('',#4931,#4034,#4035);
#3471=AXIS2_PLACEMENT_3D('',#4932,#4036,#4037);
#3472=AXIS2_PLACEMENT_3D('',#4934,#4038,#4039);
#3473=AXIS2_PLACEMENT_3D('',#4936,#4040,#4041);
#3474=AXIS2_PLACEMENT_3D('',#4937,#4042,#4043);
#3475=AXIS2_PLACEMENT_3D('',#4939,#4044,#4045);
#3476=AXIS2_PLACEMENT_3D('',#4941,#4046,#4047);
#3477=AXIS2_PLACEMENT_3D('',#4942,#4048,#4049);
#3478=AXIS2_PLACEMENT_3D('',#4944,#4050,#4051);
#3479=AXIS2_PLACEMENT_3D('',#4946,#4052,#4053);
#3480=AXIS2_PLACEMENT_3D('',#4947,#4054,#4055);
#3481=AXIS2_PLACEMENT_3D('',#4949,#4056,#4057);
#3482=AXIS2_PLACEMENT_3D('',#4951,#4058,#4059);
#3483=AXIS2_PLACEMENT_3D('',#4952,#4060,#4061);
#3484=AXIS2_PLACEMENT_3D('',#4954,#4062,#4063);
#3485=AXIS2_PLACEMENT_3D('',#4956,#4064,#4065);
#3486=AXIS2_PLACEMENT_3D('',#4957,#4066,#4067);
#3487=AXIS2_PLACEMENT_3D('',#4959,#4068,#4069);
#3488=AXIS2_PLACEMENT_3D('',#4961,#4070,#4071);
#3489=AXIS2_PLACEMENT_3D('',#4962,#4072,#4073);
#3490=AXIS2_PLACEMENT_3D('',#4964,#4074,#4075);
#3491=AXIS2_PLACEMENT_3D('',#4966,#4076,#4077);
#3492=AXIS2_PLACEMENT_3D('',#4967,#4078,#4079);
#3493=AXIS2_PLACEMENT_3D('',#4969,#4080,#4081);
#3494=AXIS2_PLACEMENT_3D('',#4971,#4082,#4083);
#3495=AXIS2_PLACEMENT_3D('',#4972,#4084,#4085);
#3496=AXIS2_PLACEMENT_3D('',#4974,#4086,#4087);
#3497=AXIS2_PLACEMENT_3D('',#4976,#4088,#4089);
#3498=AXIS2_PLACEMENT_3D('',#4977,#4090,#4091);
#3499=AXIS2_PLACEMENT_3D('',#4979,#4092,#4093);
#3500=AXIS2_PLACEMENT_3D('',#4981,#4094,#4095);
#3501=AXIS2_PLACEMENT_3D('',#4982,#4096,#4097);
#3502=AXIS2_PLACEMENT_3D('',#4984,#4098,#4099);
#3503=AXIS2_PLACEMENT_3D('',#4986,#4100,#4101);
#3504=AXIS2_PLACEMENT_3D('',#4987,#4102,#4103);
#3505=AXIS2_PLACEMENT_3D('',#4988,#4104,#4105);
#3506=AXIS2_PLACEMENT_3D('',#4989,#4106,#4107);
#3507=AXIS2_PLACEMENT_3D('',#4998,#4112,#4113);
#3508=AXIS2_PLACEMENT_3D('',#5004,#4117,#4118);
#3509=AXIS2_PLACEMENT_3D('',#5010,#4122,#4123);
#3510=AXIS2_PLACEMENT_3D('',#5016,#4127,#4128);
#3511=AXIS2_PLACEMENT_3D('',#5022,#4132,#4133);
#3512=AXIS2_PLACEMENT_3D('',#5025,#4136,#4137);
#3513=AXIS2_PLACEMENT_3D('',#5026,#4138,#4139);
#3514=AXIS2_PLACEMENT_3D('',#5028,#4140,#4141);
#3515=AXIS2_PLACEMENT_3D('',#5030,#4142,#4143);
#3516=AXIS2_PLACEMENT_3D('',#5031,#4144,#4145);
#3517=AXIS2_PLACEMENT_3D('',#5033,#4146,#4147);
#3518=AXIS2_PLACEMENT_3D('',#5035,#4148,#4149);
#3519=AXIS2_PLACEMENT_3D('',#5036,#4150,#4151);
#3520=AXIS2_PLACEMENT_3D('',#5038,#4152,#4153);
#3521=AXIS2_PLACEMENT_3D('',#5040,#4154,#4155);
#3522=AXIS2_PLACEMENT_3D('',#5041,#4156,#4157);
#3523=AXIS2_PLACEMENT_3D('',#5043,#4158,#4159);
#3524=AXIS2_PLACEMENT_3D('',#5045,#4160,#4161);
#3525=AXIS2_PLACEMENT_3D('',#5046,#4162,#4163);
#3526=AXIS2_PLACEMENT_3D('',#5048,#4164,#4165);
#3527=AXIS2_PLACEMENT_3D('',#5050,#4166,#4167);
#3528=AXIS2_PLACEMENT_3D('',#5051,#4168,#4169);
#3529=AXIS2_PLACEMENT_3D('',#5053,#4170,#4171);
#3530=AXIS2_PLACEMENT_3D('',#5055,#4172,#4173);
#3531=AXIS2_PLACEMENT_3D('',#5056,#4174,#4175);
#3532=AXIS2_PLACEMENT_3D('',#5058,#4176,#4177);
#3533=AXIS2_PLACEMENT_3D('',#5060,#4178,#4179);
#3534=AXIS2_PLACEMENT_3D('',#5061,#4180,#4181);
#3535=AXIS2_PLACEMENT_3D('',#5063,#4182,#4183);
#3536=AXIS2_PLACEMENT_3D('',#5065,#4184,#4185);
#3537=AXIS2_PLACEMENT_3D('',#5066,#4186,#4187);
#3538=AXIS2_PLACEMENT_3D('',#5068,#4188,#4189);
#3539=AXIS2_PLACEMENT_3D('',#5070,#4190,#4191);
#3540=AXIS2_PLACEMENT_3D('',#5071,#4192,#4193);
#3541=AXIS2_PLACEMENT_3D('',#5073,#4194,#4195);
#3542=AXIS2_PLACEMENT_3D('',#5075,#4196,#4197);
#3543=AXIS2_PLACEMENT_3D('',#5076,#4198,#4199);
#3544=AXIS2_PLACEMENT_3D('',#5078,#4200,#4201);
#3545=AXIS2_PLACEMENT_3D('',#5080,#4202,#4203);
#3546=AXIS2_PLACEMENT_3D('',#5081,#4204,#4205);
#3547=AXIS2_PLACEMENT_3D('',#5083,#4206,#4207);
#3548=AXIS2_PLACEMENT_3D('',#5085,#4208,#4209);
#3549=AXIS2_PLACEMENT_3D('',#5086,#4210,#4211);
#3550=AXIS2_PLACEMENT_3D('',#5088,#4212,#4213);
#3551=AXIS2_PLACEMENT_3D('',#5090,#4214,#4215);
#3552=AXIS2_PLACEMENT_3D('',#5091,#4216,#4217);
#3553=AXIS2_PLACEMENT_3D('',#5093,#4218,#4219);
#3554=AXIS2_PLACEMENT_3D('',#5095,#4220,#4221);
#3555=AXIS2_PLACEMENT_3D('',#5096,#4222,#4223);
#3556=AXIS2_PLACEMENT_3D('',#5098,#4224,#4225);
#3557=AXIS2_PLACEMENT_3D('',#5100,#4226,#4227);
#3558=AXIS2_PLACEMENT_3D('',#5101,#4228,#4229);
#3559=AXIS2_PLACEMENT_3D('',#5103,#4230,#4231);
#3560=AXIS2_PLACEMENT_3D('',#5105,#4232,#4233);
#3561=AXIS2_PLACEMENT_3D('',#5106,#4234,#4235);
#3562=AXIS2_PLACEMENT_3D('',#5108,#4236,#4237);
#3563=AXIS2_PLACEMENT_3D('',#5110,#4238,#4239);
#3564=AXIS2_PLACEMENT_3D('',#5111,#4240,#4241);
#3565=AXIS2_PLACEMENT_3D('',#5113,#4242,#4243);
#3566=AXIS2_PLACEMENT_3D('',#5115,#4244,#4245);
#3567=AXIS2_PLACEMENT_3D('',#5116,#4246,#4247);
#3568=AXIS2_PLACEMENT_3D('',#5118,#4248,#4249);
#3569=AXIS2_PLACEMENT_3D('',#5120,#4250,#4251);
#3570=AXIS2_PLACEMENT_3D('',#5121,#4252,#4253);
#3571=AXIS2_PLACEMENT_3D('',#5123,#4254,#4255);
#3572=AXIS2_PLACEMENT_3D('',#5125,#4256,#4257);
#3573=AXIS2_PLACEMENT_3D('',#5126,#4258,#4259);
#3574=AXIS2_PLACEMENT_3D('',#5128,#4260,#4261);
#3575=AXIS2_PLACEMENT_3D('',#5130,#4262,#4263);
#3576=AXIS2_PLACEMENT_3D('',#5131,#4264,#4265);
#3577=AXIS2_PLACEMENT_3D('',#5133,#4266,#4267);
#3578=AXIS2_PLACEMENT_3D('',#5135,#4268,#4269);
#3579=AXIS2_PLACEMENT_3D('',#5136,#4270,#4271);
#3580=AXIS2_PLACEMENT_3D('',#5138,#4272,#4273);
#3581=AXIS2_PLACEMENT_3D('',#5140,#4274,#4275);
#3582=AXIS2_PLACEMENT_3D('',#5141,#4276,#4277);
#3583=AXIS2_PLACEMENT_3D('',#5143,#4278,#4279);
#3584=AXIS2_PLACEMENT_3D('',#5145,#4280,#4281);
#3585=AXIS2_PLACEMENT_3D('',#5146,#4282,#4283);
#3586=AXIS2_PLACEMENT_3D('',#5148,#4284,#4285);
#3587=AXIS2_PLACEMENT_3D('',#5150,#4286,#4287);
#3588=AXIS2_PLACEMENT_3D('',#5151,#4288,#4289);
#3589=AXIS2_PLACEMENT_3D('',#5153,#4290,#4291);
#3590=AXIS2_PLACEMENT_3D('',#5155,#4292,#4293);
#3591=AXIS2_PLACEMENT_3D('',#5156,#4294,#4295);
#3592=AXIS2_PLACEMENT_3D('',#5158,#4296,#4297);
#3593=AXIS2_PLACEMENT_3D('',#5160,#4298,#4299);
#3594=AXIS2_PLACEMENT_3D('',#5161,#4300,#4301);
#3595=AXIS2_PLACEMENT_3D('',#5163,#4302,#4303);
#3596=AXIS2_PLACEMENT_3D('',#5165,#4304,#4305);
#3597=AXIS2_PLACEMENT_3D('',#5166,#4306,#4307);
#3598=AXIS2_PLACEMENT_3D('',#5168,#4308,#4309);
#3599=AXIS2_PLACEMENT_3D('',#5170,#4310,#4311);
#3600=AXIS2_PLACEMENT_3D('',#5171,#4312,#4313);
#3601=AXIS2_PLACEMENT_3D('',#5173,#4314,#4315);
#3602=AXIS2_PLACEMENT_3D('',#5175,#4316,#4317);
#3603=AXIS2_PLACEMENT_3D('',#5176,#4318,#4319);
#3604=AXIS2_PLACEMENT_3D('',#5178,#4320,#4321);
#3605=AXIS2_PLACEMENT_3D('',#5180,#4322,#4323);
#3606=AXIS2_PLACEMENT_3D('',#5181,#4324,#4325);
#3607=AXIS2_PLACEMENT_3D('',#5183,#4326,#4327);
#3608=AXIS2_PLACEMENT_3D('',#5185,#4328,#4329);
#3609=AXIS2_PLACEMENT_3D('',#5186,#4330,#4331);
#3610=AXIS2_PLACEMENT_3D('',#5188,#4332,#4333);
#3611=AXIS2_PLACEMENT_3D('',#5190,#4334,#4335);
#3612=AXIS2_PLACEMENT_3D('',#5191,#4336,#4337);
#3613=AXIS2_PLACEMENT_3D('',#5193,#4338,#4339);
#3614=AXIS2_PLACEMENT_3D('',#5195,#4340,#4341);
#3615=AXIS2_PLACEMENT_3D('',#5196,#4342,#4343);
#3616=AXIS2_PLACEMENT_3D('',#5198,#4344,#4345);
#3617=AXIS2_PLACEMENT_3D('',#5200,#4346,#4347);
#3618=AXIS2_PLACEMENT_3D('',#5201,#4348,#4349);
#3619=AXIS2_PLACEMENT_3D('',#5203,#4350,#4351);
#3620=AXIS2_PLACEMENT_3D('',#5205,#4352,#4353);
#3621=AXIS2_PLACEMENT_3D('',#5206,#4354,#4355);
#3622=AXIS2_PLACEMENT_3D('',#5208,#4356,#4357);
#3623=AXIS2_PLACEMENT_3D('',#5210,#4358,#4359);
#3624=AXIS2_PLACEMENT_3D('',#5211,#4360,#4361);
#3625=AXIS2_PLACEMENT_3D('',#5213,#4362,#4363);
#3626=AXIS2_PLACEMENT_3D('',#5215,#4364,#4365);
#3627=AXIS2_PLACEMENT_3D('',#5216,#4366,#4367);
#3628=AXIS2_PLACEMENT_3D('',#5218,#4368,#4369);
#3629=AXIS2_PLACEMENT_3D('',#5220,#4370,#4371);
#3630=AXIS2_PLACEMENT_3D('',#5221,#4372,#4373);
#3631=AXIS2_PLACEMENT_3D('',#5223,#4374,#4375);
#3632=AXIS2_PLACEMENT_3D('',#5225,#4376,#4377);
#3633=AXIS2_PLACEMENT_3D('',#5226,#4378,#4379);
#3634=AXIS2_PLACEMENT_3D('',#5228,#4380,#4381);
#3635=AXIS2_PLACEMENT_3D('',#5230,#4382,#4383);
#3636=AXIS2_PLACEMENT_3D('',#5231,#4384,#4385);
#3637=AXIS2_PLACEMENT_3D('',#5233,#4386,#4387);
#3638=AXIS2_PLACEMENT_3D('',#5235,#4388,#4389);
#3639=AXIS2_PLACEMENT_3D('',#5236,#4390,#4391);
#3640=AXIS2_PLACEMENT_3D('',#5238,#4392,#4393);
#3641=AXIS2_PLACEMENT_3D('',#5240,#4394,#4395);
#3642=AXIS2_PLACEMENT_3D('',#5241,#4396,#4397);
#3643=AXIS2_PLACEMENT_3D('',#5243,#4398,#4399);
#3644=AXIS2_PLACEMENT_3D('',#5245,#4400,#4401);
#3645=AXIS2_PLACEMENT_3D('',#5246,#4402,#4403);
#3646=AXIS2_PLACEMENT_3D('',#5248,#4404,#4405);
#3647=AXIS2_PLACEMENT_3D('',#5250,#4406,#4407);
#3648=AXIS2_PLACEMENT_3D('',#5251,#4408,#4409);
#3649=AXIS2_PLACEMENT_3D('',#5252,#4410,#4411);
#3650=AXIS2_PLACEMENT_3D('',#5253,#4412,#4413);
#3651=AXIS2_PLACEMENT_3D('',#5262,#4418,#4419);
#3652=AXIS2_PLACEMENT_3D('',#5271,#4424,#4425);
#3653=AXIS2_PLACEMENT_3D('',#5272,#4426,#4427);
#3654=AXIS2_PLACEMENT_3D('',#5273,#4428,#4429);
#3655=AXIS2_PLACEMENT_3D('',#5274,#4430,#4431);
#3656=AXIS2_PLACEMENT_3D('',#5275,#4432,#4433);
#3657=AXIS2_PLACEMENT_3D('',#5277,#4434,#4435);
#3658=AXIS2_PLACEMENT_3D('',#5279,#4436,#4437);
#3659=AXIS2_PLACEMENT_3D('',#5347,#4473,#4474);
#3660=AXIS2_PLACEMENT_3D('',#5353,#4478,#4479);
#3661=AXIS2_PLACEMENT_3D('',#5354,#4480,#4481);
#3662=AXIS2_PLACEMENT_3D('',#5356,#4482,#4483);
#3663=AXIS2_PLACEMENT_3D('',#5359,#4485,#4486);
#3664=AXIS2_PLACEMENT_3D('',#5360,#4487,#4488);
#3665=AXIS2_PLACEMENT_3D('',#5362,#4489,#4490);
#3666=AXIS2_PLACEMENT_3D('',#5364,#4491,#4492);
#3667=AXIS2_PLACEMENT_3D('',#5370,#4496,#4497);
#3668=AXIS2_PLACEMENT_3D('',#5374,#4500,#4501);
#3669=AXIS2_PLACEMENT_3D('',#5378,#4504,#4505);
#3670=AXIS2_PLACEMENT_3D('',#5384,#4509,#4510);
#3671=AXIS2_PLACEMENT_3D('',#5388,#4513,#4514);
#3672=AXIS2_PLACEMENT_3D('',#5392,#4517,#4518);
#3673=AXIS2_PLACEMENT_3D('',#5398,#4522,#4523);
#3674=AXIS2_PLACEMENT_3D('',#5402,#4526,#4527);
#3675=AXIS2_PLACEMENT_3D('',#5406,#4530,#4531);
#3676=AXIS2_PLACEMENT_3D('',#5412,#4535,#4536);
#3677=AXIS2_PLACEMENT_3D('',#5416,#4539,#4540);
#3678=AXIS2_PLACEMENT_3D('',#5420,#4543,#4544);
#3679=AXIS2_PLACEMENT_3D('',#5426,#4548,#4549);
#3680=AXIS2_PLACEMENT_3D('',#5431,#4553,#4554);
#3681=AXIS2_PLACEMENT_3D('',#5435,#4557,#4558);
#3682=AXIS2_PLACEMENT_3D('',#5437,#4560,#4561);
#3683=AXIS2_PLACEMENT_3D('',#5439,#4563,#4564);
#3684=AXIS2_PLACEMENT_3D('',#5441,#4566,#4567);
#3685=AXIS2_PLACEMENT_3D('',#5450,#4574,#4575);
#3686=AXIS2_PLACEMENT_3D('',#5452,#4577,#4578);
#3687=AXIS2_PLACEMENT_3D('',#5453,#4579,#4580);
#3688=AXIS2_PLACEMENT_3D('',#5459,#4584,#4585);
#3689=AXIS2_PLACEMENT_3D('',#5460,#4586,#4587);
#3690=AXIS2_PLACEMENT_3D('',#5461,#4588,#4589);
#3691=AXIS2_PLACEMENT_3D('',#5462,#4590,#4591);
#3692=AXIS2_PLACEMENT_3D('',#5463,#4592,#4593);
#3693=AXIS2_PLACEMENT_3D('',#5465,#4594,#4595);
#3694=AXIS2_PLACEMENT_3D('',#5467,#4596,#4597);
#3695=AXIS2_PLACEMENT_3D('',#5468,#4598,#4599);
#3696=AXIS2_PLACEMENT_3D('',#5469,#4600,#4601);
#3697=AXIS2_PLACEMENT_3D('',#5470,#4602,#4603);
#3698=AXIS2_PLACEMENT_3D('',#5471,#4604,#4605);
#3699=AXIS2_PLACEMENT_3D('',#5477,#4609,#4610);
#3700=AXIS2_PLACEMENT_3D('',#5483,#4614,#4615);
#3701=AXIS2_PLACEMENT_3D('',#5484,#4616,#4617);
#3702=AXIS2_PLACEMENT_3D('',#5485,#4618,#4619);
#3703=AXIS2_PLACEMENT_3D('',#5486,#4620,#4621);
#3704=AXIS2_PLACEMENT_3D('',#5487,#4622,#4623);
#3705=AXIS2_PLACEMENT_3D('',#5489,#4624,#4625);
#3706=AXIS2_PLACEMENT_3D('',#5491,#4626,#4627);
#3707=AXIS2_PLACEMENT_3D('',#5492,#4628,#4629);
#3708=AXIS2_PLACEMENT_3D('',#5493,#4630,#4631);
#3709=AXIS2_PLACEMENT_3D('',#5494,#4632,#4633);
#3710=AXIS2_PLACEMENT_3D('',#5495,#4634,#4635);
#3711=DIRECTION('',(0.,0.,1.));
#3712=DIRECTION('',(1.,0.,0.));
#3713=DIRECTION('',(0.,0.,1.));
#3714=DIRECTION('',(1.,0.,0.));
#3715=DIRECTION('',(0.,0.,1.));
#3716=DIRECTION('',(1.,0.,0.));
#3717=DIRECTION('',(0.,0.,1.));
#3718=DIRECTION('',(1.,0.,0.));
#3719=DIRECTION('',(-8.67361737988404E-19,1.,0.));
#3720=DIRECTION('',(-2.16840434497101E-16,-1.,0.));
#3721=DIRECTION('',(-1.,0.,0.));
#3722=DIRECTION('',(0.,0.,1.));
#3723=DIRECTION('',(1.,0.,0.));
#3724=DIRECTION('',(-1.,-1.11468175163168E-16,0.));
#3725=DIRECTION('',(-1.19636101791504E-16,1.,0.));
#3726=DIRECTION('',(1.,0.,0.));
#3727=DIRECTION('',(0.,0.,1.));
#3728=DIRECTION('',(1.,0.,0.));
#3729=DIRECTION('',(0.,0.,1.));
#3730=DIRECTION('',(1.,0.,0.));
#3731=DIRECTION('',(0.,0.,1.));
#3732=DIRECTION('',(1.,0.,0.));
#3733=DIRECTION('',(-2.16840434497101E-16,-1.,0.));
#3734=DIRECTION('',(-8.67361737988404E-19,1.,0.));
#3735=DIRECTION('',(1.,0.,0.));
#3736=DIRECTION('',(-1.19636101791504E-16,1.,0.));
#3737=DIRECTION('',(-1.,-1.11468175163168E-16,0.));
#3738=DIRECTION('',(0.,0.,1.));
#3739=DIRECTION('',(1.,0.,0.));
#3740=DIRECTION('',(-1.,0.,0.));
#3741=DIRECTION('',(0.,0.,-1.));
#3742=DIRECTION('',(-1.,0.,0.));
#3743=DIRECTION('',(0.,0.,-1.));
#3744=DIRECTION('',(0.,0.,-1.));
#3745=DIRECTION('',(1.11468175163168E-16,-1.,0.));
#3746=DIRECTION('',(1.,1.11468175163168E-16,0.));
#3747=DIRECTION('',(0.,0.,-1.));
#3748=DIRECTION('',(-1.,-1.19636101791504E-16,0.));
#3749=DIRECTION('',(1.19636101791504E-16,-1.,0.));
#3750=DIRECTION('',(0.,0.,-1.));
#3751=DIRECTION('',(0.,1.,0.));
#3752=DIRECTION('',(0.,0.,1.));
#3753=DIRECTION('',(0.,0.,-1.));
#3754=DIRECTION('',(-1.,-8.67361737988404E-19,0.));
#3755=DIRECTION('',(8.67361737988404E-19,-1.,0.));
#3756=DIRECTION('',(0.,0.,-1.));
#3757=DIRECTION('',(0.120136838834646,0.992757341929446,0.));
#3758=DIRECTION('',(-0.992757341929446,0.120136838834646,0.));
#3759=DIRECTION('',(0.120136838834646,0.992757341929446,0.));
#3760=DIRECTION('',(-0.992757341929446,0.120136838834646,0.));
#3761=DIRECTION('',(0.,0.,-1.));
#3762=DIRECTION('',(-0.992757341929446,0.120136838834646,0.));
#3763=DIRECTION('',(0.,0.,-1.));
#3764=DIRECTION('',(-0.992757341929446,0.120136838834646,0.));
#3765=DIRECTION('',(0.,0.,-1.));
#3766=DIRECTION('',(-1.,0.,0.));
#3767=DIRECTION('',(0.,0.,1.));
#3768=DIRECTION('',(0.,-1.,0.));
#3769=DIRECTION('',(0.,0.,-1.));
#3770=DIRECTION('',(0.,-1.,0.));
#3771=DIRECTION('',(-0.120136838834647,-0.992757341929446,0.));
#3772=DIRECTION('',(0.992757341929446,-0.120136838834647,0.));
#3773=DIRECTION('',(-0.120136838834647,-0.992757341929446,0.));
#3774=DIRECTION('',(0.992757341929446,-0.120136838834647,0.));
#3775=DIRECTION('',(0.992757341929446,-0.120136838834647,0.));
#3776=DIRECTION('',(0.,0.,-1.));
#3777=DIRECTION('',(0.,0.,-1.));
#3778=DIRECTION('',(0.,0.,-1.));
#3779=DIRECTION('',(0.992757341929446,-0.120136838834647,0.));
#3780=DIRECTION('',(0.,-1.,0.));
#3781=DIRECTION('',(0.,0.,-1.));
#3782=DIRECTION('',(0.,0.,-1.));
#3783=DIRECTION('',(-1.,0.,0.));
#3784=DIRECTION('',(0.,0.,-1.));
#3785=DIRECTION('',(-1.,0.,0.));
#3786=DIRECTION('',(0.,0.,1.));
#3787=DIRECTION('',(1.,0.,0.));
#3788=DIRECTION('',(2.16840434497101E-16,1.,0.));
#3789=DIRECTION('',(-1.,2.16840434497101E-16,0.));
#3790=DIRECTION('',(-2.16840434497101E-16,-1.,0.));
#3791=DIRECTION('',(-1.,2.16840434497101E-16,0.));
#3792=DIRECTION('',(-2.16840434497101E-16,-1.,0.));
#3793=DIRECTION('',(2.16840434497101E-16,1.,0.));
#3794=DIRECTION('',(0.,0.,1.));
#3795=DIRECTION('',(1.,0.,0.));
#3796=DIRECTION('',(0.120136838834646,0.992757341929446,0.));
#3797=DIRECTION('',(-0.992757341929446,0.120136838834646,0.));
#3798=DIRECTION('',(1.,0.,-1.76279955472544E-16));
#3799=DIRECTION('',(1.76279955472544E-16,0.,1.));
#3800=DIRECTION('',(0.,-1.,0.));
#3801=DIRECTION('',(0.,0.,-1.));
#3802=DIRECTION('',(-1.,0.,0.));
#3803=DIRECTION('',(0.,0.,-1.));
#3804=DIRECTION('',(-1.,0.,0.));
#3805=DIRECTION('',(0.,0.,-1.));
#3806=DIRECTION('',(1.,0.,0.));
#3807=DIRECTION('',(0.,0.,-1.));
#3808=DIRECTION('',(0.,-1.,0.));
#3809=DIRECTION('',(0.,0.,-1.));
#3810=DIRECTION('',(0.,-1.,0.));
#3811=DIRECTION('',(0.,-1.,0.));
#3812=DIRECTION('',(0.,0.,-1.));
#3813=DIRECTION('',(-1.,0.,0.));
#3814=DIRECTION('',(0.,0.,-1.));
#3815=DIRECTION('',(-1.,0.,0.));
#3816=DIRECTION('',(-1.,0.,0.));
#3817=DIRECTION('',(0.,0.,1.));
#3818=DIRECTION('',(0.,1.,0.));
#3819=DIRECTION('',(0.,0.,-1.));
#3820=DIRECTION('',(0.,1.,0.));
#3821=DIRECTION('',(0.,-1.,0.));
#3822=DIRECTION('',(0.,0.,-1.));
#3823=DIRECTION('',(-1.,0.,0.));
#3824=DIRECTION('',(0.,0.,-1.));
#3825=DIRECTION('',(-1.,0.,0.));
#3826=DIRECTION('',(-1.,0.,0.));
#3827=DIRECTION('',(0.,0.,1.));
#3828=DIRECTION('',(0.,1.,0.));
#3829=DIRECTION('',(0.,1.,0.));
#3830=DIRECTION('',(0.,0.,-1.));
#3831=DIRECTION('',(-1.,0.,0.));
#3832=DIRECTION('',(0.,0.,-1.));
#3833=DIRECTION('',(1.,0.,0.));
#3834=DIRECTION('',(0.,0.,-1.));
#3835=DIRECTION('',(1.,0.,0.));
#3836=DIRECTION('',(0.,0.,-1.));
#3837=DIRECTION('',(-1.,0.,0.));
#3838=DIRECTION('',(0.,0.,-1.));
#3839=DIRECTION('',(1.,0.,0.));
#3840=DIRECTION('',(0.,0.,-1.));
#3841=DIRECTION('',(1.,0.,0.));
#3842=DIRECTION('',(0.,0.,-1.));
#3843=DIRECTION('',(-1.,0.,0.));
#3844=DIRECTION('',(0.,0.,-1.));
#3845=DIRECTION('',(1.,0.,0.));
#3846=DIRECTION('',(0.,0.,-1.));
#3847=DIRECTION('',(1.,0.,0.));
#3848=DIRECTION('',(0.,0.,-1.));
#3849=DIRECTION('',(-1.,0.,0.));
#3850=DIRECTION('',(0.,0.,-1.));
#3851=DIRECTION('',(1.,0.,0.));
#3852=DIRECTION('',(0.,0.,-1.));
#3853=DIRECTION('',(1.,0.,0.));
#3854=DIRECTION('',(0.,0.,-1.));
#3855=DIRECTION('',(-1.,0.,0.));
#3856=DIRECTION('',(0.,0.,-1.));
#3857=DIRECTION('',(1.,0.,0.));
#3858=DIRECTION('',(0.,0.,-1.));
#3859=DIRECTION('',(1.,0.,0.));
#3860=DIRECTION('',(0.,0.,-1.));
#3861=DIRECTION('',(-1.,0.,0.));
#3862=DIRECTION('',(0.,0.,-1.));
#3863=DIRECTION('',(1.,0.,0.));
#3864=DIRECTION('',(0.,0.,-1.));
#3865=DIRECTION('',(1.,0.,0.));
#3866=DIRECTION('',(0.,0.,-1.));
#3867=DIRECTION('',(-1.,0.,0.));
#3868=DIRECTION('',(0.,0.,-1.));
#3869=DIRECTION('',(1.,0.,0.));
#3870=DIRECTION('',(0.,0.,-1.));
#3871=DIRECTION('',(1.,0.,0.));
#3872=DIRECTION('',(0.,0.,-1.));
#3873=DIRECTION('',(-1.,0.,0.));
#3874=DIRECTION('',(0.,0.,-1.));
#3875=DIRECTION('',(1.,0.,0.));
#3876=DIRECTION('',(0.,0.,-1.));
#3877=DIRECTION('',(1.,0.,0.));
#3878=DIRECTION('',(0.,0.,-1.));
#3879=DIRECTION('',(-1.,0.,0.));
#3880=DIRECTION('',(0.,0.,-1.));
#3881=DIRECTION('',(1.,0.,0.));
#3882=DIRECTION('',(0.,0.,-1.));
#3883=DIRECTION('',(1.,0.,0.));
#3884=DIRECTION('',(0.,0.,-1.));
#3885=DIRECTION('',(-1.,0.,0.));
#3886=DIRECTION('',(0.,0.,-1.));
#3887=DIRECTION('',(1.,0.,0.));
#3888=DIRECTION('',(0.,0.,-1.));
#3889=DIRECTION('',(1.,0.,0.));
#3890=DIRECTION('',(0.,0.,-1.));
#3891=DIRECTION('',(-1.,0.,0.));
#3892=DIRECTION('',(0.,0.,-1.));
#3893=DIRECTION('',(1.,0.,0.));
#3894=DIRECTION('',(0.,0.,-1.));
#3895=DIRECTION('',(1.,0.,0.));
#3896=DIRECTION('',(0.,0.,-1.));
#3897=DIRECTION('',(-1.,0.,0.));
#3898=DIRECTION('',(0.,0.,-1.));
#3899=DIRECTION('',(1.,0.,0.));
#3900=DIRECTION('',(0.,0.,-1.));
#3901=DIRECTION('',(1.,0.,0.));
#3902=DIRECTION('',(0.,0.,-1.));
#3903=DIRECTION('',(-1.,0.,0.));
#3904=DIRECTION('',(0.,0.,-1.));
#3905=DIRECTION('',(1.,0.,0.));
#3906=DIRECTION('',(0.,0.,-1.));
#3907=DIRECTION('',(1.,0.,0.));
#3908=DIRECTION('',(0.,0.,-1.));
#3909=DIRECTION('',(-1.,0.,0.));
#3910=DIRECTION('',(0.,0.,-1.));
#3911=DIRECTION('',(1.,0.,0.));
#3912=DIRECTION('',(0.,0.,-1.));
#3913=DIRECTION('',(1.,0.,0.));
#3914=DIRECTION('',(0.,0.,-1.));
#3915=DIRECTION('',(-1.,0.,0.));
#3916=DIRECTION('',(0.,0.,-1.));
#3917=DIRECTION('',(1.,0.,0.));
#3918=DIRECTION('',(0.,0.,-1.));
#3919=DIRECTION('',(1.,0.,0.));
#3920=DIRECTION('',(0.,0.,-1.));
#3921=DIRECTION('',(-1.,0.,0.));
#3922=DIRECTION('',(0.,0.,-1.));
#3923=DIRECTION('',(1.,0.,0.));
#3924=DIRECTION('',(0.,0.,-1.));
#3925=DIRECTION('',(1.,0.,0.));
#3926=DIRECTION('',(0.,0.,-1.));
#3927=DIRECTION('',(-1.,0.,0.));
#3928=DIRECTION('',(0.,0.,-1.));
#3929=DIRECTION('',(1.,0.,0.));
#3930=DIRECTION('',(0.,0.,-1.));
#3931=DIRECTION('',(1.,0.,0.));
#3932=DIRECTION('',(0.,0.,-1.));
#3933=DIRECTION('',(-1.,0.,0.));
#3934=DIRECTION('',(0.,0.,-1.));
#3935=DIRECTION('',(1.,0.,0.));
#3936=DIRECTION('',(0.,0.,-1.));
#3937=DIRECTION('',(1.,0.,0.));
#3938=DIRECTION('',(0.,0.,-1.));
#3939=DIRECTION('',(-1.,0.,0.));
#3940=DIRECTION('',(0.,0.,-1.));
#3941=DIRECTION('',(1.,0.,0.));
#3942=DIRECTION('',(0.,0.,-1.));
#3943=DIRECTION('',(1.,0.,0.));
#3944=DIRECTION('',(0.,0.,-1.));
#3945=DIRECTION('',(-1.,0.,0.));
#3946=DIRECTION('',(0.,0.,-1.));
#3947=DIRECTION('',(1.,0.,0.));
#3948=DIRECTION('',(0.,0.,-1.));
#3949=DIRECTION('',(1.,0.,0.));
#3950=DIRECTION('',(0.,0.,-1.));
#3951=DIRECTION('',(-1.,0.,0.));
#3952=DIRECTION('',(0.,0.,-1.));
#3953=DIRECTION('',(1.,0.,0.));
#3954=DIRECTION('',(0.,0.,-1.));
#3955=DIRECTION('',(1.,0.,0.));
#3956=DIRECTION('',(0.,0.,-1.));
#3957=DIRECTION('',(-1.,0.,0.));
#3958=DIRECTION('',(0.,0.,1.));
#3959=DIRECTION('',(1.,0.,0.));
#3960=DIRECTION('',(0.,0.,1.));
#3961=DIRECTION('',(1.,0.,0.));
#3962=DIRECTION('',(0.,0.,-1.));
#3963=DIRECTION('',(-1.,0.,0.));
#3964=DIRECTION('',(0.,0.,1.));
#3965=DIRECTION('',(1.,0.,0.));
#3966=DIRECTION('',(0.,0.,1.));
#3967=DIRECTION('',(1.,0.,0.));
#3968=DIRECTION('',(0.,0.,-1.));
#3969=DIRECTION('',(-1.,0.,0.));
#3970=DIRECTION('',(0.,0.,-1.));
#3971=DIRECTION('',(1.,0.,0.));
#3972=DIRECTION('',(0.,0.,-1.));
#3973=DIRECTION('',(1.,0.,0.));
#3974=DIRECTION('',(0.,0.,-1.));
#3975=DIRECTION('',(-1.,0.,0.));
#3976=DIRECTION('',(0.,0.,-1.));
#3977=DIRECTION('',(1.,0.,0.));
#3978=DIRECTION('',(0.,0.,-1.));
#3979=DIRECTION('',(1.,0.,0.));
#3980=DIRECTION('',(0.,0.,-1.));
#3981=DIRECTION('',(-1.,0.,0.));
#3982=DIRECTION('',(0.,0.,-1.));
#3983=DIRECTION('',(1.,0.,0.));
#3984=DIRECTION('',(0.,0.,-1.));
#3985=DIRECTION('',(1.,0.,0.));
#3986=DIRECTION('',(0.,0.,-1.));
#3987=DIRECTION('',(-1.,0.,0.));
#3988=DIRECTION('',(0.,0.,-1.));
#3989=DIRECTION('',(1.,0.,0.));
#3990=DIRECTION('',(0.,0.,-1.));
#3991=DIRECTION('',(1.,0.,0.));
#3992=DIRECTION('',(0.,0.,-1.));
#3993=DIRECTION('',(-1.,0.,0.));
#3994=DIRECTION('',(0.,0.,-1.));
#3995=DIRECTION('',(1.,0.,0.));
#3996=DIRECTION('',(0.,0.,-1.));
#3997=DIRECTION('',(1.,0.,0.));
#3998=DIRECTION('',(0.,0.,-1.));
#3999=DIRECTION('',(-1.,0.,0.));
#4000=DIRECTION('',(0.,0.,-1.));
#4001=DIRECTION('',(1.,0.,0.));
#4002=DIRECTION('',(0.,0.,-1.));
#4003=DIRECTION('',(1.,0.,0.));
#4004=DIRECTION('',(0.,0.,-1.));
#4005=DIRECTION('',(-1.,0.,0.));
#4006=DIRECTION('',(0.,0.,-1.));
#4007=DIRECTION('',(1.,0.,0.));
#4008=DIRECTION('',(0.,0.,-1.));
#4009=DIRECTION('',(1.,0.,0.));
#4010=DIRECTION('',(0.,0.,-1.));
#4011=DIRECTION('',(-1.,0.,0.));
#4012=DIRECTION('',(0.,0.,-1.));
#4013=DIRECTION('',(1.,0.,0.));
#4014=DIRECTION('',(0.,0.,-1.));
#4015=DIRECTION('',(1.,0.,0.));
#4016=DIRECTION('',(0.,0.,-1.));
#4017=DIRECTION('',(-1.,0.,0.));
#4018=DIRECTION('',(0.,0.,-1.));
#4019=DIRECTION('',(1.,0.,0.));
#4020=DIRECTION('',(0.,0.,-1.));
#4021=DIRECTION('',(1.,0.,0.));
#4022=DIRECTION('',(0.,0.,-1.));
#4023=DIRECTION('',(-1.,0.,0.));
#4024=DIRECTION('',(0.,0.,-1.));
#4025=DIRECTION('',(1.,0.,0.));
#4026=DIRECTION('',(0.,0.,-1.));
#4027=DIRECTION('',(1.,0.,0.));
#4028=DIRECTION('',(0.,0.,-1.));
#4029=DIRECTION('',(-1.,0.,0.));
#4030=DIRECTION('',(0.,0.,-1.));
#4031=DIRECTION('',(1.,0.,0.));
#4032=DIRECTION('',(0.,0.,-1.));
#4033=DIRECTION('',(1.,0.,0.));
#4034=DIRECTION('',(0.,0.,-1.));
#4035=DIRECTION('',(-1.,0.,0.));
#4036=DIRECTION('',(0.,0.,-1.));
#4037=DIRECTION('',(1.,0.,0.));
#4038=DIRECTION('',(0.,0.,-1.));
#4039=DIRECTION('',(1.,0.,0.));
#4040=DIRECTION('',(0.,0.,-1.));
#4041=DIRECTION('',(-1.,0.,0.));
#4042=DIRECTION('',(0.,0.,-1.));
#4043=DIRECTION('',(1.,0.,0.));
#4044=DIRECTION('',(0.,0.,-1.));
#4045=DIRECTION('',(1.,0.,0.));
#4046=DIRECTION('',(0.,0.,-1.));
#4047=DIRECTION('',(-1.,0.,0.));
#4048=DIRECTION('',(0.,0.,-1.));
#4049=DIRECTION('',(1.,0.,0.));
#4050=DIRECTION('',(0.,0.,-1.));
#4051=DIRECTION('',(1.,0.,0.));
#4052=DIRECTION('',(0.,0.,-1.));
#4053=DIRECTION('',(-1.,0.,0.));
#4054=DIRECTION('',(0.,0.,-1.));
#4055=DIRECTION('',(1.,0.,0.));
#4056=DIRECTION('',(0.,0.,-1.));
#4057=DIRECTION('',(1.,0.,0.));
#4058=DIRECTION('',(0.,0.,-1.));
#4059=DIRECTION('',(-1.,0.,0.));
#4060=DIRECTION('',(0.,0.,-1.));
#4061=DIRECTION('',(1.,0.,0.));
#4062=DIRECTION('',(0.,0.,-1.));
#4063=DIRECTION('',(1.,0.,0.));
#4064=DIRECTION('',(0.,0.,-1.));
#4065=DIRECTION('',(-1.,0.,0.));
#4066=DIRECTION('',(0.,0.,-1.));
#4067=DIRECTION('',(1.,0.,0.));
#4068=DIRECTION('',(0.,0.,-1.));
#4069=DIRECTION('',(1.,0.,0.));
#4070=DIRECTION('',(0.,0.,-1.));
#4071=DIRECTION('',(-1.,0.,0.));
#4072=DIRECTION('',(0.,0.,-1.));
#4073=DIRECTION('',(1.,0.,0.));
#4074=DIRECTION('',(0.,0.,-1.));
#4075=DIRECTION('',(1.,0.,0.));
#4076=DIRECTION('',(0.,0.,-1.));
#4077=DIRECTION('',(-1.,0.,0.));
#4078=DIRECTION('',(0.,0.,-1.));
#4079=DIRECTION('',(1.,0.,0.));
#4080=DIRECTION('',(0.,0.,-1.));
#4081=DIRECTION('',(1.,0.,0.));
#4082=DIRECTION('',(0.,0.,-1.));
#4083=DIRECTION('',(-1.,0.,0.));
#4084=DIRECTION('',(0.,0.,-1.));
#4085=DIRECTION('',(1.,0.,0.));
#4086=DIRECTION('',(0.,0.,-1.));
#4087=DIRECTION('',(1.,0.,0.));
#4088=DIRECTION('',(0.,0.,-1.));
#4089=DIRECTION('',(-1.,0.,0.));
#4090=DIRECTION('',(0.,0.,-1.));
#4091=DIRECTION('',(1.,0.,0.));
#4092=DIRECTION('',(0.,0.,-1.));
#4093=DIRECTION('',(1.,0.,0.));
#4094=DIRECTION('',(0.,0.,-1.));
#4095=DIRECTION('',(-1.,0.,0.));
#4096=DIRECTION('',(0.,0.,-1.));
#4097=DIRECTION('',(1.,0.,0.));
#4098=DIRECTION('',(0.,0.,-1.));
#4099=DIRECTION('',(1.,0.,0.));
#4100=DIRECTION('',(0.,0.,1.));
#4101=DIRECTION('',(1.,0.,0.));
#4102=DIRECTION('',(0.,0.,1.));
#4103=DIRECTION('',(1.,0.,0.));
#4104=DIRECTION('',(3.11433002175094E-17,-0.992757341929446,0.120136838834646));
#4105=DIRECTION('',(-1.,-1.09278802741821E-17,1.68928756911293E-16));
#4106=DIRECTION('',(-1.,0.,0.));
#4107=DIRECTION('',(0.,0.,1.));
#4108=DIRECTION('',(0.,1.,0.));
#4109=DIRECTION('',(0.,0.,-1.));
#4110=DIRECTION('',(0.,1.,0.));
#4111=DIRECTION('',(0.,0.,-1.));
#4112=DIRECTION('',(0.,1.,0.));
#4113=DIRECTION('',(0.,0.,1.));
#4114=DIRECTION('',(1.,0.,0.));
#4115=DIRECTION('',(0.,0.,-1.));
#4116=DIRECTION('',(1.,0.,0.));
#4117=DIRECTION('',(1.,0.,0.));
#4118=DIRECTION('',(0.,0.,-1.));
#4119=DIRECTION('',(0.,-1.,0.));
#4120=DIRECTION('',(0.,0.,-1.));
#4121=DIRECTION('',(0.,-1.,0.));
#4122=DIRECTION('',(0.,1.,0.));
#4123=DIRECTION('',(0.,0.,1.));
#4124=DIRECTION('',(1.,0.,0.));
#4125=DIRECTION('',(0.,0.,-1.));
#4126=DIRECTION('',(1.,0.,0.));
#4127=DIRECTION('',(-1.,0.,0.));
#4128=DIRECTION('',(0.,0.,1.));
#4129=DIRECTION('',(0.,1.,0.));
#4130=DIRECTION('',(0.,0.,-1.));
#4131=DIRECTION('',(0.,1.,0.));
#4132=DIRECTION('',(0.,1.,0.));
#4133=DIRECTION('',(0.,0.,1.));
#4134=DIRECTION('',(1.,0.,0.));
#4135=DIRECTION('',(1.,0.,0.));
#4136=DIRECTION('',(0.,0.,-1.));
#4137=DIRECTION('',(-1.,0.,0.));
#4138=DIRECTION('',(0.,0.,1.));
#4139=DIRECTION('',(1.,0.,0.));
#4140=DIRECTION('',(0.,0.,1.));
#4141=DIRECTION('',(1.,0.,0.));
#4142=DIRECTION('',(0.,0.,-1.));
#4143=DIRECTION('',(-1.,0.,0.));
#4144=DIRECTION('',(0.,0.,1.));
#4145=DIRECTION('',(1.,0.,0.));
#4146=DIRECTION('',(0.,0.,1.));
#4147=DIRECTION('',(1.,0.,0.));
#4148=DIRECTION('',(0.,0.,-1.));
#4149=DIRECTION('',(-1.,0.,0.));
#4150=DIRECTION('',(0.,0.,1.));
#4151=DIRECTION('',(1.,0.,0.));
#4152=DIRECTION('',(0.,0.,1.));
#4153=DIRECTION('',(1.,0.,0.));
#4154=DIRECTION('',(0.,0.,-1.));
#4155=DIRECTION('',(-1.,0.,0.));
#4156=DIRECTION('',(0.,0.,1.));
#4157=DIRECTION('',(1.,0.,0.));
#4158=DIRECTION('',(0.,0.,1.));
#4159=DIRECTION('',(1.,0.,0.));
#4160=DIRECTION('',(0.,0.,-1.));
#4161=DIRECTION('',(-1.,0.,0.));
#4162=DIRECTION('',(0.,0.,1.));
#4163=DIRECTION('',(1.,0.,0.));
#4164=DIRECTION('',(0.,0.,1.));
#4165=DIRECTION('',(1.,0.,0.));
#4166=DIRECTION('',(0.,0.,-1.));
#4167=DIRECTION('',(-1.,0.,0.));
#4168=DIRECTION('',(0.,0.,1.));
#4169=DIRECTION('',(1.,0.,0.));
#4170=DIRECTION('',(0.,0.,1.));
#4171=DIRECTION('',(1.,0.,0.));
#4172=DIRECTION('',(0.,0.,-1.));
#4173=DIRECTION('',(-1.,0.,0.));
#4174=DIRECTION('',(0.,0.,1.));
#4175=DIRECTION('',(1.,0.,0.));
#4176=DIRECTION('',(0.,0.,1.));
#4177=DIRECTION('',(1.,0.,0.));
#4178=DIRECTION('',(0.,0.,-1.));
#4179=DIRECTION('',(-1.,0.,0.));
#4180=DIRECTION('',(0.,0.,1.));
#4181=DIRECTION('',(1.,0.,0.));
#4182=DIRECTION('',(0.,0.,1.));
#4183=DIRECTION('',(1.,0.,0.));
#4184=DIRECTION('',(0.,0.,-1.));
#4185=DIRECTION('',(-1.,0.,0.));
#4186=DIRECTION('',(0.,0.,1.));
#4187=DIRECTION('',(1.,0.,0.));
#4188=DIRECTION('',(0.,0.,1.));
#4189=DIRECTION('',(1.,0.,0.));
#4190=DIRECTION('',(0.,0.,-1.));
#4191=DIRECTION('',(-1.,0.,0.));
#4192=DIRECTION('',(0.,0.,1.));
#4193=DIRECTION('',(1.,0.,0.));
#4194=DIRECTION('',(0.,0.,1.));
#4195=DIRECTION('',(1.,0.,0.));
#4196=DIRECTION('',(0.,0.,-1.));
#4197=DIRECTION('',(-1.,0.,0.));
#4198=DIRECTION('',(0.,0.,1.));
#4199=DIRECTION('',(1.,0.,0.));
#4200=DIRECTION('',(0.,0.,1.));
#4201=DIRECTION('',(1.,0.,0.));
#4202=DIRECTION('',(0.,0.,-1.));
#4203=DIRECTION('',(-1.,0.,0.));
#4204=DIRECTION('',(0.,0.,1.));
#4205=DIRECTION('',(1.,0.,0.));
#4206=DIRECTION('',(0.,0.,1.));
#4207=DIRECTION('',(1.,0.,0.));
#4208=DIRECTION('',(0.,0.,-1.));
#4209=DIRECTION('',(-1.,0.,0.));
#4210=DIRECTION('',(0.,0.,1.));
#4211=DIRECTION('',(1.,0.,0.));
#4212=DIRECTION('',(0.,0.,1.));
#4213=DIRECTION('',(1.,0.,0.));
#4214=DIRECTION('',(0.,0.,-1.));
#4215=DIRECTION('',(-1.,0.,0.));
#4216=DIRECTION('',(0.,0.,1.));
#4217=DIRECTION('',(1.,0.,0.));
#4218=DIRECTION('',(0.,0.,1.));
#4219=DIRECTION('',(1.,0.,0.));
#4220=DIRECTION('',(0.,0.,-1.));
#4221=DIRECTION('',(-1.,0.,0.));
#4222=DIRECTION('',(0.,0.,1.));
#4223=DIRECTION('',(1.,0.,0.));
#4224=DIRECTION('',(0.,0.,1.));
#4225=DIRECTION('',(1.,0.,0.));
#4226=DIRECTION('',(0.,0.,-1.));
#4227=DIRECTION('',(-1.,0.,0.));
#4228=DIRECTION('',(0.,0.,1.));
#4229=DIRECTION('',(1.,0.,0.));
#4230=DIRECTION('',(0.,0.,1.));
#4231=DIRECTION('',(1.,0.,0.));
#4232=DIRECTION('',(0.,0.,-1.));
#4233=DIRECTION('',(-1.,0.,0.));
#4234=DIRECTION('',(0.,0.,1.));
#4235=DIRECTION('',(1.,0.,0.));
#4236=DIRECTION('',(0.,0.,1.));
#4237=DIRECTION('',(1.,0.,0.));
#4238=DIRECTION('',(0.,0.,-1.));
#4239=DIRECTION('',(-1.,0.,0.));
#4240=DIRECTION('',(0.,0.,1.));
#4241=DIRECTION('',(1.,0.,0.));
#4242=DIRECTION('',(0.,0.,1.));
#4243=DIRECTION('',(1.,0.,0.));
#4244=DIRECTION('',(0.,0.,-1.));
#4245=DIRECTION('',(-1.,0.,0.));
#4246=DIRECTION('',(0.,0.,1.));
#4247=DIRECTION('',(1.,0.,0.));
#4248=DIRECTION('',(0.,0.,1.));
#4249=DIRECTION('',(1.,0.,0.));
#4250=DIRECTION('',(0.,0.,-1.));
#4251=DIRECTION('',(-1.,0.,0.));
#4252=DIRECTION('',(0.,0.,1.));
#4253=DIRECTION('',(1.,0.,0.));
#4254=DIRECTION('',(0.,0.,1.));
#4255=DIRECTION('',(1.,0.,0.));
#4256=DIRECTION('',(0.,0.,-1.));
#4257=DIRECTION('',(-1.,0.,0.));
#4258=DIRECTION('',(0.,0.,1.));
#4259=DIRECTION('',(1.,0.,0.));
#4260=DIRECTION('',(0.,0.,1.));
#4261=DIRECTION('',(1.,0.,0.));
#4262=DIRECTION('',(0.,0.,-1.));
#4263=DIRECTION('',(-1.,0.,0.));
#4264=DIRECTION('',(0.,0.,1.));
#4265=DIRECTION('',(1.,0.,0.));
#4266=DIRECTION('',(0.,0.,1.));
#4267=DIRECTION('',(1.,0.,0.));
#4268=DIRECTION('',(0.,0.,-1.));
#4269=DIRECTION('',(-1.,0.,0.));
#4270=DIRECTION('',(0.,0.,1.));
#4271=DIRECTION('',(1.,0.,0.));
#4272=DIRECTION('',(0.,0.,1.));
#4273=DIRECTION('',(1.,0.,0.));
#4274=DIRECTION('',(0.,0.,-1.));
#4275=DIRECTION('',(-1.,0.,0.));
#4276=DIRECTION('',(0.,0.,1.));
#4277=DIRECTION('',(1.,0.,0.));
#4278=DIRECTION('',(0.,0.,1.));
#4279=DIRECTION('',(1.,0.,0.));
#4280=DIRECTION('',(0.,0.,-1.));
#4281=DIRECTION('',(-1.,0.,0.));
#4282=DIRECTION('',(0.,0.,1.));
#4283=DIRECTION('',(1.,0.,0.));
#4284=DIRECTION('',(0.,0.,1.));
#4285=DIRECTION('',(1.,0.,0.));
#4286=DIRECTION('',(0.,0.,-1.));
#4287=DIRECTION('',(-1.,0.,0.));
#4288=DIRECTION('',(0.,0.,1.));
#4289=DIRECTION('',(1.,0.,0.));
#4290=DIRECTION('',(0.,0.,1.));
#4291=DIRECTION('',(1.,0.,0.));
#4292=DIRECTION('',(0.,0.,-1.));
#4293=DIRECTION('',(-1.,0.,0.));
#4294=DIRECTION('',(0.,0.,1.));
#4295=DIRECTION('',(1.,0.,0.));
#4296=DIRECTION('',(0.,0.,1.));
#4297=DIRECTION('',(1.,0.,0.));
#4298=DIRECTION('',(0.,0.,-1.));
#4299=DIRECTION('',(-1.,0.,0.));
#4300=DIRECTION('',(0.,0.,1.));
#4301=DIRECTION('',(1.,0.,0.));
#4302=DIRECTION('',(0.,0.,1.));
#4303=DIRECTION('',(1.,0.,0.));
#4304=DIRECTION('',(0.,0.,-1.));
#4305=DIRECTION('',(-1.,0.,0.));
#4306=DIRECTION('',(0.,0.,1.));
#4307=DIRECTION('',(1.,0.,0.));
#4308=DIRECTION('',(0.,0.,1.));
#4309=DIRECTION('',(1.,0.,0.));
#4310=DIRECTION('',(0.,0.,-1.));
#4311=DIRECTION('',(-1.,0.,0.));
#4312=DIRECTION('',(0.,0.,1.));
#4313=DIRECTION('',(1.,0.,0.));
#4314=DIRECTION('',(0.,0.,1.));
#4315=DIRECTION('',(1.,0.,0.));
#4316=DIRECTION('',(0.,0.,-1.));
#4317=DIRECTION('',(-1.,0.,0.));
#4318=DIRECTION('',(0.,0.,1.));
#4319=DIRECTION('',(1.,0.,0.));
#4320=DIRECTION('',(0.,0.,1.));
#4321=DIRECTION('',(1.,0.,0.));
#4322=DIRECTION('',(0.,0.,-1.));
#4323=DIRECTION('',(-1.,0.,0.));
#4324=DIRECTION('',(0.,0.,1.));
#4325=DIRECTION('',(1.,0.,0.));
#4326=DIRECTION('',(0.,0.,1.));
#4327=DIRECTION('',(1.,0.,0.));
#4328=DIRECTION('',(0.,0.,-1.));
#4329=DIRECTION('',(-1.,0.,0.));
#4330=DIRECTION('',(0.,0.,1.));
#4331=DIRECTION('',(1.,0.,0.));
#4332=DIRECTION('',(0.,0.,1.));
#4333=DIRECTION('',(1.,0.,0.));
#4334=DIRECTION('',(0.,0.,-1.));
#4335=DIRECTION('',(-1.,0.,0.));
#4336=DIRECTION('',(0.,0.,1.));
#4337=DIRECTION('',(1.,0.,0.));
#4338=DIRECTION('',(0.,0.,1.));
#4339=DIRECTION('',(1.,0.,0.));
#4340=DIRECTION('',(0.,0.,-1.));
#4341=DIRECTION('',(-1.,0.,0.));
#4342=DIRECTION('',(0.,0.,1.));
#4343=DIRECTION('',(1.,0.,0.));
#4344=DIRECTION('',(0.,0.,1.));
#4345=DIRECTION('',(1.,0.,0.));
#4346=DIRECTION('',(0.,0.,-1.));
#4347=DIRECTION('',(-1.,0.,0.));
#4348=DIRECTION('',(0.,0.,1.));
#4349=DIRECTION('',(1.,0.,0.));
#4350=DIRECTION('',(0.,0.,1.));
#4351=DIRECTION('',(1.,0.,0.));
#4352=DIRECTION('',(0.,0.,-1.));
#4353=DIRECTION('',(-1.,0.,0.));
#4354=DIRECTION('',(0.,0.,1.));
#4355=DIRECTION('',(1.,0.,0.));
#4356=DIRECTION('',(0.,0.,1.));
#4357=DIRECTION('',(1.,0.,0.));
#4358=DIRECTION('',(0.,0.,-1.));
#4359=DIRECTION('',(-1.,0.,0.));
#4360=DIRECTION('',(0.,0.,1.));
#4361=DIRECTION('',(1.,0.,0.));
#4362=DIRECTION('',(0.,0.,1.));
#4363=DIRECTION('',(1.,0.,0.));
#4364=DIRECTION('',(0.,0.,-1.));
#4365=DIRECTION('',(-1.,0.,0.));
#4366=DIRECTION('',(0.,0.,1.));
#4367=DIRECTION('',(1.,0.,0.));
#4368=DIRECTION('',(0.,0.,1.));
#4369=DIRECTION('',(1.,0.,0.));
#4370=DIRECTION('',(0.,0.,-1.));
#4371=DIRECTION('',(-1.,0.,0.));
#4372=DIRECTION('',(0.,0.,1.));
#4373=DIRECTION('',(1.,0.,0.));
#4374=DIRECTION('',(0.,0.,1.));
#4375=DIRECTION('',(1.,0.,0.));
#4376=DIRECTION('',(0.,0.,-1.));
#4377=DIRECTION('',(-1.,0.,0.));
#4378=DIRECTION('',(0.,0.,1.));
#4379=DIRECTION('',(1.,0.,0.));
#4380=DIRECTION('',(0.,0.,1.));
#4381=DIRECTION('',(1.,0.,0.));
#4382=DIRECTION('',(0.,0.,-1.));
#4383=DIRECTION('',(-1.,0.,0.));
#4384=DIRECTION('',(0.,0.,1.));
#4385=DIRECTION('',(1.,0.,0.));
#4386=DIRECTION('',(0.,0.,1.));
#4387=DIRECTION('',(1.,0.,0.));
#4388=DIRECTION('',(0.,0.,-1.));
#4389=DIRECTION('',(-1.,0.,0.));
#4390=DIRECTION('',(0.,0.,1.));
#4391=DIRECTION('',(1.,0.,0.));
#4392=DIRECTION('',(0.,0.,1.));
#4393=DIRECTION('',(1.,0.,0.));
#4394=DIRECTION('',(0.,0.,-1.));
#4395=DIRECTION('',(-1.,0.,0.));
#4396=DIRECTION('',(0.,0.,1.));
#4397=DIRECTION('',(1.,0.,0.));
#4398=DIRECTION('',(0.,0.,1.));
#4399=DIRECTION('',(1.,0.,0.));
#4400=DIRECTION('',(0.,0.,-1.));
#4401=DIRECTION('',(-1.,0.,0.));
#4402=DIRECTION('',(0.,0.,1.));
#4403=DIRECTION('',(1.,0.,0.));
#4404=DIRECTION('',(0.,0.,1.));
#4405=DIRECTION('',(1.,0.,0.));
#4406=DIRECTION('',(0.,0.,1.));
#4407=DIRECTION('',(1.,0.,0.));
#4408=DIRECTION('',(0.,0.,1.));
#4409=DIRECTION('',(1.,0.,0.));
#4410=DIRECTION('',(2.62647105062745E-17,-0.992757341929446,0.120136838834646));
#4411=DIRECTION('',(-1.,-5.25704534275732E-18,1.75181404384737E-16));
#4412=DIRECTION('',(0.,0.800227390300544,0.599696693181463));
#4413=DIRECTION('',(0.,-0.599696693181463,0.800227390300544));
#4414=DIRECTION('',(1.0571450637106E-16,0.599696693181463,-0.800227390300544));
#4415=DIRECTION('',(-1.,0.,0.));
#4416=DIRECTION('',(0.,0.599696693181463,-0.800227390300544));
#4417=DIRECTION('',(-1.,0.,0.));
#4418=DIRECTION('',(0.,-0.773887934527085,0.633322559832983));
#4419=DIRECTION('',(0.,-0.633322559832983,-0.773887934527085));
#4420=DIRECTION('',(-1.,0.,0.));
#4421=DIRECTION('',(1.11642072647116E-16,0.633322559832983,0.773887934527085));
#4422=DIRECTION('',(-1.,0.,0.));
#4423=DIRECTION('',(0.,0.633322559832983,0.773887934527085));
#4424=DIRECTION('',(-1.,0.,0.));
#4425=DIRECTION('',(0.,0.,1.));
#4426=DIRECTION('',(1.,-1.76279955472544E-16,0.));
#4427=DIRECTION('',(1.76279955472544E-16,1.,0.));
#4428=DIRECTION('',(1.,0.,0.));
#4429=DIRECTION('',(0.,0.,-1.));
#4430=DIRECTION('',(-1.,0.,0.));
#4431=DIRECTION('',(0.,0.,1.));
#4432=DIRECTION('',(1.,0.,0.));
#4433=DIRECTION('',(0.,0.,-1.));
#4434=DIRECTION('',(1.,-1.76279955472544E-16,0.));
#4435=DIRECTION('',(1.76279955472544E-16,1.,0.));
#4436=DIRECTION('',(0.,-1.,0.));
#4437=DIRECTION('',(1.,0.,0.));
#4438=DIRECTION('',(0.,0.,-1.));
#4439=DIRECTION('',(-1.,0.,0.));
#4440=DIRECTION('',(0.,0.,-1.));
#4441=DIRECTION('',(-1.,0.,0.));
#4442=DIRECTION('',(0.,7.58941520739853E-17,1.));
#4443=DIRECTION('',(1.,0.,0.));
#4444=DIRECTION('',(-2.33928155209683E-16,0.,1.));
#4445=DIRECTION('',(1.,0.,0.));
#4446=DIRECTION('',(0.,0.,1.));
#4447=DIRECTION('',(-1.,0.,0.));
#4448=DIRECTION('',(0.,0.,1.));
#4449=DIRECTION('',(1.,0.,0.));
#4450=DIRECTION('',(0.,0.,1.));
#4451=DIRECTION('',(-1.,0.,0.));
#4452=DIRECTION('',(0.,0.,1.));
#4453=DIRECTION('',(1.,0.,0.));
#4454=DIRECTION('',(-2.33928155209683E-16,0.,1.));
#4455=DIRECTION('',(1.,0.,0.));
#4456=DIRECTION('',(0.,7.58941520739853E-17,1.));
#4457=DIRECTION('',(1.,0.,0.));
#4458=DIRECTION('',(0.,0.,1.));
#4459=DIRECTION('',(1.,0.,0.));
#4460=DIRECTION('',(0.,0.,1.));
#4461=DIRECTION('',(1.,0.,0.));
#4462=DIRECTION('',(0.,0.,1.));
#4463=DIRECTION('',(1.,0.,0.));
#4464=DIRECTION('',(0.,0.,1.));
#4465=DIRECTION('',(1.,0.,0.));
#4466=DIRECTION('',(0.,0.,1.));
#4467=DIRECTION('',(1.,0.,1.38777878078144E-16));
#4468=DIRECTION('',(0.,0.,1.));
#4469=DIRECTION('',(1.,0.,0.));
#4470=DIRECTION('',(0.,0.,1.));
#4471=DIRECTION('',(1.,0.,0.));
#4472=DIRECTION('',(0.,0.,1.));
#4473=DIRECTION('',(0.,0.416091945229738,0.909322546247993));
#4474=DIRECTION('',(0.,-0.909322546247993,0.416091945229738));
#4475=DIRECTION('',(0.,-0.909322546247993,0.416091945229738));
#4476=DIRECTION('',(0.,0.909322546247993,-0.416091945229738));
#4477=DIRECTION('',(-1.,0.,0.));
#4478=DIRECTION('',(-1.,0.,0.));
#4479=DIRECTION('',(0.,0.,1.));
#4480=DIRECTION('',(-1.,0.,0.));
#4481=DIRECTION('',(0.,0.,1.));
#4482=DIRECTION('',(1.,0.,0.));
#4483=DIRECTION('',(0.,0.,-1.));
#4484=DIRECTION('',(-1.,0.,0.));
#4485=DIRECTION('',(-1.,0.,0.));
#4486=DIRECTION('',(0.,0.,1.));
#4487=DIRECTION('',(1.,0.,0.));
#4488=DIRECTION('',(0.,0.,-1.));
#4489=DIRECTION('',(-1.,0.,0.));
#4490=DIRECTION('',(0.,0.,1.));
#4491=DIRECTION('',(0.,0.,1.));
#4492=DIRECTION('',(1.,0.,0.));
#4493=DIRECTION('',(1.,0.,0.));
#4494=DIRECTION('',(0.,1.,0.));
#4495=DIRECTION('',(0.,1.,0.));
#4496=DIRECTION('',(-1.,0.,0.));
#4497=DIRECTION('',(0.,0.,1.));
#4498=DIRECTION('',(0.,0.,1.));
#4499=DIRECTION('',(0.,1.,0.));
#4500=DIRECTION('',(0.,0.,1.));
#4501=DIRECTION('',(1.,0.,0.));
#4502=DIRECTION('',(1.,0.,0.));
#4503=DIRECTION('',(0.,1.,0.));
#4504=DIRECTION('',(0.,0.,1.));
#4505=DIRECTION('',(1.,0.,0.));
#4506=DIRECTION('',(1.,0.,0.));
#4507=DIRECTION('',(0.,1.,0.));
#4508=DIRECTION('',(0.,1.,0.));
#4509=DIRECTION('',(-1.,0.,0.));
#4510=DIRECTION('',(0.,0.,1.));
#4511=DIRECTION('',(0.,0.,1.));
#4512=DIRECTION('',(0.,1.,0.));
#4513=DIRECTION('',(-1.38777878078144E-16,0.,1.));
#4514=DIRECTION('',(1.,0.,1.38777878078144E-16));
#4515=DIRECTION('',(1.,0.,1.38777878078144E-16));
#4516=DIRECTION('',(0.,1.,0.));
#4517=DIRECTION('',(0.,0.,1.));
#4518=DIRECTION('',(1.,0.,0.));
#4519=DIRECTION('',(1.,0.,0.));
#4520=DIRECTION('',(0.,1.,0.));
#4521=DIRECTION('',(0.,1.,0.));
#4522=DIRECTION('',(-1.,0.,0.));
#4523=DIRECTION('',(0.,0.,1.));
#4524=DIRECTION('',(0.,0.,1.));
#4525=DIRECTION('',(0.,1.,0.));
#4526=DIRECTION('',(0.,0.,1.));
#4527=DIRECTION('',(1.,0.,0.));
#4528=DIRECTION('',(1.,0.,0.));
#4529=DIRECTION('',(0.,1.,0.));
#4530=DIRECTION('',(0.,0.,1.));
#4531=DIRECTION('',(1.,0.,0.));
#4532=DIRECTION('',(1.,0.,0.));
#4533=DIRECTION('',(0.,1.,0.));
#4534=DIRECTION('',(0.,1.,0.));
#4535=DIRECTION('',(-1.,0.,0.));
#4536=DIRECTION('',(0.,0.,1.));
#4537=DIRECTION('',(0.,0.,1.));
#4538=DIRECTION('',(0.,1.,0.));
#4539=DIRECTION('',(0.,0.,1.));
#4540=DIRECTION('',(1.,0.,0.));
#4541=DIRECTION('',(1.,0.,0.));
#4542=DIRECTION('',(0.,1.,0.));
#4543=DIRECTION('',(-1.,0.,-2.33928155209683E-16));
#4544=DIRECTION('',(-2.33928155209683E-16,0.,1.));
#4545=DIRECTION('',(-2.33928155209683E-16,0.,1.));
#4546=DIRECTION('',(0.,1.,0.));
#4547=DIRECTION('',(0.,1.,0.));
#4548=DIRECTION('',(0.,0.,1.));
#4549=DIRECTION('',(1.,0.,0.));
#4550=DIRECTION('',(1.,0.,0.));
#4551=DIRECTION('',(0.,1.,0.));
#4552=DIRECTION('',(-1.,0.,0.));
#4553=DIRECTION('',(-1.,0.,-2.33928155209683E-16));
#4554=DIRECTION('',(-2.33928155209683E-16,0.,1.));
#4555=DIRECTION('',(-2.33928155209683E-16,0.,1.));
#4556=DIRECTION('',(0.,1.,0.));
#4557=DIRECTION('',(-1.,0.,0.));
#4558=DIRECTION('',(0.,0.,1.));
#4559=DIRECTION('',(0.,0.,1.));
#4560=DIRECTION('',(-1.,0.,0.));
#4561=DIRECTION('',(0.,0.,1.));
#4562=DIRECTION('',(0.,0.,1.));
#4563=DIRECTION('',(-1.,0.,0.));
#4564=DIRECTION('',(0.,0.,1.));
#4565=DIRECTION('',(0.,0.,1.));
#4566=DIRECTION('',(0.,0.,1.));
#4567=DIRECTION('',(1.,0.,0.));
#4568=DIRECTION('',(0.,-1.,0.));
#4569=DIRECTION('',(0.,-1.,0.));
#4570=DIRECTION('',(0.,-1.,0.));
#4571=DIRECTION('',(1.,0.,0.));
#4572=DIRECTION('',(0.,-1.,0.));
#4573=DIRECTION('',(-1.,0.,0.));
#4574=DIRECTION('',(-1.,0.,0.));
#4575=DIRECTION('',(0.,0.,1.));
#4576=DIRECTION('',(0.,0.,1.));
#4577=DIRECTION('',(0.,-1.,0.));
#4578=DIRECTION('',(1.,0.,0.));
#4579=DIRECTION('',(0.,0.416091945229738,0.909322546247993));
#4580=DIRECTION('',(0.,-0.909322546247993,0.416091945229738));
#4581=DIRECTION('',(0.,-0.909322546247993,0.416091945229738));
#4582=DIRECTION('',(-1.,0.,0.));
#4583=DIRECTION('',(0.,0.909322546247993,-0.416091945229738));
#4584=DIRECTION('',(-1.,0.,0.));
#4585=DIRECTION('',(0.,0.,1.));
#4586=DIRECTION('',(-1.,0.,0.));
#4587=DIRECTION('',(0.,0.,1.));
#4588=DIRECTION('',(1.,0.,0.));
#4589=DIRECTION('',(0.,0.,-1.));
#4590=DIRECTION('',(-1.,0.,0.));
#4591=DIRECTION('',(0.,0.,1.));
#4592=DIRECTION('',(-1.,0.,0.));
#4593=DIRECTION('',(0.,0.,1.));
#4594=DIRECTION('',(1.,0.,0.));
#4595=DIRECTION('',(0.,0.,-1.));
#4596=DIRECTION('',(1.,0.,0.));
#4597=DIRECTION('',(0.,1.,0.));
#4598=DIRECTION('',(1.,0.,0.));
#4599=DIRECTION('',(0.,1.,0.));
#4600=DIRECTION('',(-1.,0.,0.));
#4601=DIRECTION('',(0.,0.,1.));
#4602=DIRECTION('',(-1.,0.,0.));
#4603=DIRECTION('',(0.,0.,1.));
#4604=DIRECTION('',(0.,0.800227390300544,0.599696693181463));
#4605=DIRECTION('',(0.,-0.599696693181463,0.800227390300544));
#4606=DIRECTION('',(-1.,0.,0.));
#4607=DIRECTION('',(1.0571450637106E-16,0.599696693181463,-0.800227390300544));
#4608=DIRECTION('',(0.,0.599696693181463,-0.800227390300544));
#4609=DIRECTION('',(0.,-0.773887934527085,0.633322559832983));
#4610=DIRECTION('',(0.,-0.633322559832983,-0.773887934527085));
#4611=DIRECTION('',(1.11642072647116E-16,0.633322559832983,0.773887934527085));
#4612=DIRECTION('',(-1.,0.,0.));
#4613=DIRECTION('',(0.,0.633322559832983,0.773887934527085));
#4614=DIRECTION('',(-1.,0.,0.));
#4615=DIRECTION('',(0.,0.,1.));
#4616=DIRECTION('',(1.,-1.76279955472544E-16,0.));
#4617=DIRECTION('',(1.76279955472544E-16,1.,0.));
#4618=DIRECTION('',(1.,0.,0.));
#4619=DIRECTION('',(0.,0.,-1.));
#4620=DIRECTION('',(-1.,0.,0.));
#4621=DIRECTION('',(0.,0.,1.));
#4622=DIRECTION('',(1.,-1.76279955472544E-16,0.));
#4623=DIRECTION('',(1.76279955472544E-16,1.,0.));
#4624=DIRECTION('',(1.,0.,0.));
#4625=DIRECTION('',(0.,0.,-1.));
#4626=DIRECTION('',(1.,0.,0.));
#4627=DIRECTION('',(0.,1.,0.));
#4628=DIRECTION('',(1.,0.,0.));
#4629=DIRECTION('',(0.,1.,0.));
#4630=DIRECTION('',(1.,-1.76279955472544E-16,0.));
#4631=DIRECTION('',(1.76279955472544E-16,1.,0.));
#4632=DIRECTION('',(1.,-1.76279955472544E-16,0.));
#4633=DIRECTION('',(1.76279955472544E-16,1.,0.));
#4634=DIRECTION('',(0.,-1.,0.));
#4635=DIRECTION('',(1.,0.,0.));
#4636=CARTESIAN_POINT('',(0.,0.,0.));
#4637=CARTESIAN_POINT('',(0.0957155332258819,0.02225,0.004));
#4638=CARTESIAN_POINT('',(0.20125,0.015,0.004));
#4639=CARTESIAN_POINT('',(0.20675,0.015,0.004));
#4640=CARTESIAN_POINT('',(0.00725,0.03725,0.004));
#4641=CARTESIAN_POINT('',(0.0105,0.03725,0.004));
#4642=CARTESIAN_POINT('',(1.55256231150833E-20,0.019,0.004));
#4643=CARTESIAN_POINT('',(1.7347234759768E-18,0.008,0.004));
#4644=CARTESIAN_POINT('',(0.,0.0445,0.004));
#4645=CARTESIAN_POINT('',(0.,0.02225,0.004));
#4646=CARTESIAN_POINT('',(-5.20417042793042E-18,4.33680868994202E-19,0.004));
#4647=CARTESIAN_POINT('',(0.100625,0.,0.004));
#4648=CARTESIAN_POINT('',(0.20125,0.,0.004));
#4649=CARTESIAN_POINT('',(0.20125,0.015,0.004));
#4650=CARTESIAN_POINT('',(0.20125,0.03,0.004));
#4651=CARTESIAN_POINT('',(0.107875,0.03,0.004));
#4652=CARTESIAN_POINT('',(0.0145,0.03,0.004));
#4653=CARTESIAN_POINT('',(0.0145,0.03725,0.004));
#4654=CARTESIAN_POINT('',(0.0145,0.0445,0.004));
#4655=CARTESIAN_POINT('',(0.00725,0.0445,0.004));
#4656=CARTESIAN_POINT('',(0.0957155332258819,0.02225,-0.004));
#4657=CARTESIAN_POINT('',(0.00725,0.03725,-0.004));
#4658=CARTESIAN_POINT('',(0.0105,0.03725,-0.004));
#4659=CARTESIAN_POINT('',(0.20125,0.015,-0.004));
#4660=CARTESIAN_POINT('',(0.20675,0.015,-0.004));
#4661=CARTESIAN_POINT('',(0.,0.02225,-0.004));
#4662=CARTESIAN_POINT('',(1.7347234759768E-18,0.008,-0.004));
#4663=CARTESIAN_POINT('',(1.56125112837912E-17,-1.3010426069826E-18,-0.004));
#4664=CARTESIAN_POINT('',(1.55256231150833E-20,0.019,-0.004));
#4665=CARTESIAN_POINT('',(0.,0.0445,-0.004));
#4666=CARTESIAN_POINT('',(0.00725,0.0445,-0.004));
#4667=CARTESIAN_POINT('',(0.0145,0.0445,-0.004));
#4668=CARTESIAN_POINT('',(0.0145,0.03725,-0.004));
#4669=CARTESIAN_POINT('',(0.0145,0.03,-0.004));
#4670=CARTESIAN_POINT('',(0.107875,0.03,-0.004));
#4671=CARTESIAN_POINT('',(0.20125,0.03,-0.004));
#4672=CARTESIAN_POINT('',(0.20125,0.015,-0.004));
#4673=CARTESIAN_POINT('',(0.20125,0.,-0.004));
#4674=CARTESIAN_POINT('',(0.100625,0.,-0.004));
#4675=CARTESIAN_POINT('',(0.20125,0.015,0.004));
#4676=CARTESIAN_POINT('',(0.20125,0.03,0.004));
#4677=CARTESIAN_POINT('',(0.20125,0.,0.004));
#4678=CARTESIAN_POINT('',(0.107875,0.03,0.004));
#4679=CARTESIAN_POINT('',(0.0145,0.03,0.004));
#4680=CARTESIAN_POINT('',(0.0145,0.03725,0.004));
#4681=CARTESIAN_POINT('',(0.0145,0.0445,0.004));
#4682=CARTESIAN_POINT('',(0.00725,0.0445,0.004));
#4683=CARTESIAN_POINT('',(0.,0.0445,0.004));
#4684=CARTESIAN_POINT('',(1.55256231150833E-20,0.019,0.004));
#4685=CARTESIAN_POINT('',(1.7347234759768E-18,0.008,0.004));
#4686=CARTESIAN_POINT('',(-0.0124094667741181,0.0095017104854331,0.004));
#4687=CARTESIAN_POINT('',(-0.0124094667741181,0.0095017104854331,3.36777869765522E-19));
#4688=CARTESIAN_POINT('',(-0.01786963215473,0.0101624630990237,3.36777869765522E-19));
#4689=CARTESIAN_POINT('',(1.7347234759768E-18,0.008,0.0125));
#4690=CARTESIAN_POINT('',(1.7347234759768E-18,0.008,-0.0125));
#4691=CARTESIAN_POINT('',(-0.0124094667741181,0.0095017104854331,-0.0125));
#4692=CARTESIAN_POINT('',(-0.0248189335482362,0.0110034209708662,-0.0125));
#4693=CARTESIAN_POINT('',(-0.0248189335482362,0.0110034209708662,0.004));
#4694=CARTESIAN_POINT('',(-0.0248189335482362,0.0110034209708662,0.0125));
#4695=CARTESIAN_POINT('',(-0.0124094667741181,0.0095017104854331,0.0125));
#4696=CARTESIAN_POINT('',(1.7347234759768E-18,0.008,0.0125));
#4697=CARTESIAN_POINT('',(1.7347234759768E-18,0.008,0.0125));
#4698=CARTESIAN_POINT('',(-0.0248189335482362,0.00700342097086618,0.004));
#4699=CARTESIAN_POINT('',(-0.0248189335482362,0.00700342097086618,-0.0125));
#4700=CARTESIAN_POINT('',(-0.0248189335482362,0.00300342097086618,-0.0125));
#4701=CARTESIAN_POINT('',(-0.0248189335482362,0.00300342097086618,0.004));
#4702=CARTESIAN_POINT('',(-0.0248189335482362,0.00300342097086618,0.0125));
#4703=CARTESIAN_POINT('',(-0.0248189335482362,0.00700342097086618,0.0125));
#4704=CARTESIAN_POINT('',(-0.0124094667741181,0.00150171048543309,0.004));
#4705=CARTESIAN_POINT('',(-0.0133636006044324,0.00161717336579454,3.36777869765522E-19));
#4706=CARTESIAN_POINT('',(-0.00790343522382045,0.000956420752203982,3.36777869765522E-19));
#4707=CARTESIAN_POINT('',(-0.0124094667741181,0.00150171048543309,-0.0125));
#4708=CARTESIAN_POINT('',(-5.20417042793042E-18,4.33680868994202E-19,-0.0125));
#4709=CARTESIAN_POINT('',(-5.20417042793042E-18,4.33680868994202E-19,0.0125));
#4710=CARTESIAN_POINT('',(1.56125112837912E-17,-1.3010426069826E-18,0.004));
#4711=CARTESIAN_POINT('',(-5.20417042793042E-18,4.33680868994202E-19,0.0125));
#4712=CARTESIAN_POINT('',(-5.20417042793042E-18,4.33680868994202E-19,0.0125));
#4713=CARTESIAN_POINT('',(-0.0124094667741181,0.00150171048543309,0.0125));
#4714=CARTESIAN_POINT('',(0.100625,0.,0.004));
#4715=CARTESIAN_POINT('',(0.20125,0.015,0.004));
#4716=CARTESIAN_POINT('',(0.00725,0.03725,0.004));
#4717=CARTESIAN_POINT('',(-0.0124094667741181,0.00550171048543309,-0.0125));
#4718=CARTESIAN_POINT('',(8.67361737988404E-19,0.004,-0.0125));
#4719=CARTESIAN_POINT('',(8.67361737988404E-19,0.004,0.0125));
#4720=CARTESIAN_POINT('',(8.67361737988404E-19,0.004,0.0125));
#4721=CARTESIAN_POINT('',(8.67361737988404E-19,0.004,0.0125));
#4722=CARTESIAN_POINT('',(-0.0124094667741181,0.00550171048543309,0.0125));
#4723=CARTESIAN_POINT('',(-0.0154128877449843,-0.015317223062803,3.36777869765522E-19));
#4724=CARTESIAN_POINT('',(0.079297887296331,0.057949464989996,-0.152121687471867));
#4725=CARTESIAN_POINT('',(-0.195,0.,0.004));
#4726=CARTESIAN_POINT('',(-0.195,0.,0.));
#4727=CARTESIAN_POINT('',(-0.04,0.,0.));
#4728=CARTESIAN_POINT('',(-0.35,0.,0.));
#4729=CARTESIAN_POINT('',(-0.04,0.,0.004));
#4730=CARTESIAN_POINT('',(-0.04,0.,0.004));
#4731=CARTESIAN_POINT('',(-0.195,0.,0.004));
#4732=CARTESIAN_POINT('',(-0.35,0.,0.004));
#4733=CARTESIAN_POINT('',(-0.35,0.,0.004));
#4734=CARTESIAN_POINT('',(-0.04,-0.011,0.004));
#4735=CARTESIAN_POINT('',(-0.04,-0.011,0.));
#4736=CARTESIAN_POINT('',(-0.04,-0.022,0.));
#4737=CARTESIAN_POINT('',(-0.04,-0.022,0.004));
#4738=CARTESIAN_POINT('',(-0.04,-0.022,0.004));
#4739=CARTESIAN_POINT('',(-0.04,-0.011,0.004));
#4740=CARTESIAN_POINT('',(-0.02,-0.022,0.004));
#4741=CARTESIAN_POINT('',(-0.02,-0.022,0.));
#4742=CARTESIAN_POINT('',(0.,-0.022,0.));
#4743=CARTESIAN_POINT('',(0.,-0.022,0.004));
#4744=CARTESIAN_POINT('',(0.,-0.022,0.004));
#4745=CARTESIAN_POINT('',(-0.02,-0.022,0.004));
#4746=CARTESIAN_POINT('',(0.,0.015,0.004));
#4747=CARTESIAN_POINT('',(0.,0.015,0.));
#4748=CARTESIAN_POINT('',(0.,0.03,0.));
#4749=CARTESIAN_POINT('',(0.,0.03,0.004));
#4750=CARTESIAN_POINT('',(0.,0.03,0.004));
#4751=CARTESIAN_POINT('',(0.,0.015,0.004));
#4752=CARTESIAN_POINT('',(-0.175,0.03,0.004));
#4753=CARTESIAN_POINT('',(-0.175,0.03,0.));
#4754=CARTESIAN_POINT('',(-0.35,0.03,0.));
#4755=CARTESIAN_POINT('',(-0.35,0.03,0.004));
#4756=CARTESIAN_POINT('',(-0.35,0.03,0.004));
#4757=CARTESIAN_POINT('',(-0.175,0.03,0.004));
#4758=CARTESIAN_POINT('',(-0.35,0.015,0.004));
#4759=CARTESIAN_POINT('',(-0.35,0.015,0.));
#4760=CARTESIAN_POINT('',(-0.35,0.015,0.004));
#4761=CARTESIAN_POINT('',(-0.3211,0.0177903810567666,0.004));
#4762=CARTESIAN_POINT('',(-0.3211,0.0177903810567666,0.004));
#4763=CARTESIAN_POINT('',(-0.3193,0.0177903810567666,0.004));
#4764=CARTESIAN_POINT('',(-0.3211,0.0177903810567666,0.));
#4765=CARTESIAN_POINT('',(-0.3193,0.0177903810567666,0.));
#4766=CARTESIAN_POINT('',(-0.2879,0.0177903810567666,0.004));
#4767=CARTESIAN_POINT('',(-0.2879,0.0177903810567666,0.004));
#4768=CARTESIAN_POINT('',(-0.2861,0.0177903810567666,0.004));
#4769=CARTESIAN_POINT('',(-0.2879,0.0177903810567666,0.));
#4770=CARTESIAN_POINT('',(-0.2861,0.0177903810567666,0.));
#4771=CARTESIAN_POINT('',(-0.0223,0.0177903810567666,0.004));
#4772=CARTESIAN_POINT('',(-0.0223,0.0177903810567666,0.004));
#4773=CARTESIAN_POINT('',(-0.0205,0.0177903810567666,0.004));
#4774=CARTESIAN_POINT('',(-0.0223,0.0177903810567666,0.));
#4775=CARTESIAN_POINT('',(-0.0205,0.0177903810567666,0.));
#4776=CARTESIAN_POINT('',(-0.1385,0.0177903810567666,0.004));
#4777=CARTESIAN_POINT('',(-0.1385,0.0177903810567666,0.004));
#4778=CARTESIAN_POINT('',(-0.1367,0.0177903810567666,0.004));
#4779=CARTESIAN_POINT('',(-0.1385,0.0177903810567666,0.));
#4780=CARTESIAN_POINT('',(-0.1367,0.0177903810567666,0.));
#4781=CARTESIAN_POINT('',(-0.0389,0.0177903810567666,0.004));
#4782=CARTESIAN_POINT('',(-0.0389,0.0177903810567666,0.004));
#4783=CARTESIAN_POINT('',(-0.0371,0.0177903810567666,0.004));
#4784=CARTESIAN_POINT('',(-0.0389,0.0177903810567666,0.));
#4785=CARTESIAN_POINT('',(-0.0371,0.0177903810567666,0.));
#4786=CARTESIAN_POINT('',(-0.1219,0.0177903810567666,0.004));
#4787=CARTESIAN_POINT('',(-0.1219,0.0177903810567666,0.004));
#4788=CARTESIAN_POINT('',(-0.1201,0.0177903810567666,0.004));
#4789=CARTESIAN_POINT('',(-0.1219,0.0177903810567666,0.));
#4790=CARTESIAN_POINT('',(-0.1201,0.0177903810567666,0.));
#4791=CARTESIAN_POINT('',(-0.0132,0.0048,0.004));
#4792=CARTESIAN_POINT('',(-0.0132,0.0048,0.004));
#4793=CARTESIAN_POINT('',(-0.0114,0.0048,0.004));
#4794=CARTESIAN_POINT('',(-0.0132,0.0048,0.));
#4795=CARTESIAN_POINT('',(-0.0114,0.0048,0.));
#4796=CARTESIAN_POINT('',(-0.1294,0.0048,0.004));
#4797=CARTESIAN_POINT('',(-0.1294,0.0048,0.004));
#4798=CARTESIAN_POINT('',(-0.1276,0.0048,0.004));
#4799=CARTESIAN_POINT('',(-0.1294,0.0048,0.));
#4800=CARTESIAN_POINT('',(-0.1276,0.0048,0.));
#4801=CARTESIAN_POINT('',(-0.1128,0.0048,0.004));
#4802=CARTESIAN_POINT('',(-0.1128,0.0048,0.004));
#4803=CARTESIAN_POINT('',(-0.111,0.0048,0.004));
#4804=CARTESIAN_POINT('',(-0.1128,0.0048,0.));
#4805=CARTESIAN_POINT('',(-0.111,0.0048,0.));
#4806=CARTESIAN_POINT('',(-0.0962,0.0048,0.004));
#4807=CARTESIAN_POINT('',(-0.0962,0.0048,0.004));
#4808=CARTESIAN_POINT('',(-0.0944,0.0048,0.004));
#4809=CARTESIAN_POINT('',(-0.0962,0.0048,0.));
#4810=CARTESIAN_POINT('',(-0.0944,0.0048,0.));
#4811=CARTESIAN_POINT('',(-0.0796,0.0048,0.004));
#4812=CARTESIAN_POINT('',(-0.0796,0.0048,0.004));
#4813=CARTESIAN_POINT('',(-0.0778,0.0048,0.004));
#4814=CARTESIAN_POINT('',(-0.0796,0.0048,0.));
#4815=CARTESIAN_POINT('',(-0.0778,0.0048,0.));
#4816=CARTESIAN_POINT('',(-0.3286,0.0048,0.004));
#4817=CARTESIAN_POINT('',(-0.3286,0.0048,0.004));
#4818=CARTESIAN_POINT('',(-0.3268,0.0048,0.004));
#4819=CARTESIAN_POINT('',(-0.3286,0.0048,0.));
#4820=CARTESIAN_POINT('',(-0.3268,0.0048,0.));
#4821=CARTESIAN_POINT('',(-0.312,0.0048,0.004));
#4822=CARTESIAN_POINT('',(-0.312,0.0048,0.004));
#4823=CARTESIAN_POINT('',(-0.3102,0.0048,0.004));
#4824=CARTESIAN_POINT('',(-0.312,0.0048,0.));
#4825=CARTESIAN_POINT('',(-0.3102,0.0048,0.));
#4826=CARTESIAN_POINT('',(-0.0464,0.0048,0.004));
#4827=CARTESIAN_POINT('',(-0.0464,0.0048,0.004));
#4828=CARTESIAN_POINT('',(-0.0446,0.0048,0.004));
#4829=CARTESIAN_POINT('',(-0.0464,0.0048,0.));
#4830=CARTESIAN_POINT('',(-0.0446,0.0048,0.));
#4831=CARTESIAN_POINT('',(-0.1626,0.0048,0.004));
#4832=CARTESIAN_POINT('',(-0.1626,0.0048,0.004));
#4833=CARTESIAN_POINT('',(-0.1608,0.0048,0.004));
#4834=CARTESIAN_POINT('',(-0.1626,0.0048,0.));
#4835=CARTESIAN_POINT('',(-0.1608,0.0048,0.));
#4836=CARTESIAN_POINT('',(-0.2788,0.0048,0.004));
#4837=CARTESIAN_POINT('',(-0.2788,0.0048,0.004));
#4838=CARTESIAN_POINT('',(-0.277,0.0048,0.004));
#4839=CARTESIAN_POINT('',(-0.2788,0.0048,0.));
#4840=CARTESIAN_POINT('',(-0.277,0.0048,0.));
#4841=CARTESIAN_POINT('',(-0.1883,0.0177903810567666,0.004));
#4842=CARTESIAN_POINT('',(-0.1883,0.0177903810567666,0.004));
#4843=CARTESIAN_POINT('',(-0.1865,0.0177903810567666,0.004));
#4844=CARTESIAN_POINT('',(-0.1883,0.0177903810567666,0.));
#4845=CARTESIAN_POINT('',(-0.1865,0.0177903810567666,0.));
#4846=CARTESIAN_POINT('',(-0.0555,0.0177903810567666,0.004));
#4847=CARTESIAN_POINT('',(-0.0555,0.0177903810567666,0.004));
#4848=CARTESIAN_POINT('',(-0.0537,0.0177903810567666,0.004));
#4849=CARTESIAN_POINT('',(-0.0555,0.0177903810567666,0.));
#4850=CARTESIAN_POINT('',(-0.0537,0.0177903810567666,0.));
#4851=CARTESIAN_POINT('',(-0.2381,0.0177903810567666,0.004));
#4852=CARTESIAN_POINT('',(-0.2381,0.0177903810567666,0.004));
#4853=CARTESIAN_POINT('',(-0.2363,0.0177903810567666,0.004));
#4854=CARTESIAN_POINT('',(-0.2381,0.0177903810567666,0.));
#4855=CARTESIAN_POINT('',(-0.2363,0.0177903810567666,0.));
#4856=CARTESIAN_POINT('',(-0.2215,0.0177903810567666,0.004));
#4857=CARTESIAN_POINT('',(-0.2215,0.0177903810567666,0.004));
#4858=CARTESIAN_POINT('',(-0.2197,0.0177903810567666,0.004));
#4859=CARTESIAN_POINT('',(-0.2215,0.0177903810567666,0.));
#4860=CARTESIAN_POINT('',(-0.2197,0.0177903810567666,0.));
#4861=CARTESIAN_POINT('',(-0.2049,0.0177903810567666,0.004));
#4862=CARTESIAN_POINT('',(-0.2049,0.0177903810567666,0.004));
#4863=CARTESIAN_POINT('',(-0.2031,0.0177903810567666,0.004));
#4864=CARTESIAN_POINT('',(-0.2049,0.0177903810567666,0.));
#4865=CARTESIAN_POINT('',(-0.2031,0.0177903810567666,0.));
#4866=CARTESIAN_POINT('',(-0.3429,0.025,0.004));
#4867=CARTESIAN_POINT('',(-0.3429,0.025,0.004));
#4868=CARTESIAN_POINT('',(-0.3408,0.025,0.004));
#4869=CARTESIAN_POINT('',(-0.3429,0.025,0.));
#4870=CARTESIAN_POINT('',(-0.3408,0.025,0.));
#4871=CARTESIAN_POINT('',(-0.0471,0.025,0.004));
#4872=CARTESIAN_POINT('',(-0.0471,0.025,0.004));
#4873=CARTESIAN_POINT('',(-0.045,0.025,0.004));
#4874=CARTESIAN_POINT('',(-0.0471,0.025,0.));
#4875=CARTESIAN_POINT('',(-0.045,0.025,0.));
#4876=CARTESIAN_POINT('',(-0.0721,0.0177903810567666,0.004));
#4877=CARTESIAN_POINT('',(-0.0721,0.0177903810567666,0.004));
#4878=CARTESIAN_POINT('',(-0.0703,0.0177903810567666,0.004));
#4879=CARTESIAN_POINT('',(-0.0721,0.0177903810567666,0.));
#4880=CARTESIAN_POINT('',(-0.0703,0.0177903810567666,0.));
#4881=CARTESIAN_POINT('',(-0.0887,0.0177903810567666,0.004));
#4882=CARTESIAN_POINT('',(-0.0887,0.0177903810567666,0.004));
#4883=CARTESIAN_POINT('',(-0.0869,0.0177903810567666,0.004));
#4884=CARTESIAN_POINT('',(-0.0887,0.0177903810567666,0.));
#4885=CARTESIAN_POINT('',(-0.0869,0.0177903810567666,0.));
#4886=CARTESIAN_POINT('',(-0.1053,0.0177903810567666,0.004));
#4887=CARTESIAN_POINT('',(-0.1053,0.0177903810567666,0.004));
#4888=CARTESIAN_POINT('',(-0.1035,0.0177903810567666,0.004));
#4889=CARTESIAN_POINT('',(-0.1053,0.0177903810567666,0.));
#4890=CARTESIAN_POINT('',(-0.1035,0.0177903810567666,0.));
#4891=CARTESIAN_POINT('',(-0.00569999999999993,0.0177903810567666,0.004));
#4892=CARTESIAN_POINT('',(-0.00569999999999993,0.0177903810567666,0.004));
#4893=CARTESIAN_POINT('',(-0.00389999999999993,0.0177903810567666,0.004));
#4894=CARTESIAN_POINT('',(-0.00569999999999993,0.0177903810567666,0.));
#4895=CARTESIAN_POINT('',(-0.00389999999999993,0.0177903810567666,0.));
#4896=CARTESIAN_POINT('',(-0.146,0.0048,0.004));
#4897=CARTESIAN_POINT('',(-0.146,0.0048,0.004));
#4898=CARTESIAN_POINT('',(-0.1442,0.0048,0.004));
#4899=CARTESIAN_POINT('',(-0.146,0.0048,0.));
#4900=CARTESIAN_POINT('',(-0.1442,0.0048,0.));
#4901=CARTESIAN_POINT('',(-0.0298,0.0048,0.004));
#4902=CARTESIAN_POINT('',(-0.0298,0.0048,0.004));
#4903=CARTESIAN_POINT('',(-0.028,0.0048,0.004));
#4904=CARTESIAN_POINT('',(-0.0298,0.0048,0.));
#4905=CARTESIAN_POINT('',(-0.028,0.0048,0.));
#4906=CARTESIAN_POINT('',(-0.2954,0.0048,0.004));
#4907=CARTESIAN_POINT('',(-0.2954,0.0048,0.004));
#4908=CARTESIAN_POINT('',(-0.2936,0.0048,0.004));
#4909=CARTESIAN_POINT('',(-0.2954,0.0048,0.));
#4910=CARTESIAN_POINT('',(-0.2936,0.0048,0.));
#4911=CARTESIAN_POINT('',(-0.1792,0.0048,0.004));
#4912=CARTESIAN_POINT('',(-0.1792,0.0048,0.004));
#4913=CARTESIAN_POINT('',(-0.1774,0.0048,0.004));
#4914=CARTESIAN_POINT('',(-0.1792,0.0048,0.));
#4915=CARTESIAN_POINT('',(-0.1774,0.0048,0.));
#4916=CARTESIAN_POINT('',(-0.3045,0.0177903810567666,0.004));
#4917=CARTESIAN_POINT('',(-0.3045,0.0177903810567666,0.004));
#4918=CARTESIAN_POINT('',(-0.3027,0.0177903810567666,0.004));
#4919=CARTESIAN_POINT('',(-0.3045,0.0177903810567666,0.));
#4920=CARTESIAN_POINT('',(-0.3027,0.0177903810567666,0.));
#4921=CARTESIAN_POINT('',(-0.2124,0.0048,0.004));
#4922=CARTESIAN_POINT('',(-0.2124,0.0048,0.004));
#4923=CARTESIAN_POINT('',(-0.2106,0.0048,0.004));
#4924=CARTESIAN_POINT('',(-0.2124,0.0048,0.));
#4925=CARTESIAN_POINT('',(-0.2106,0.0048,0.));
#4926=CARTESIAN_POINT('',(-0.229,0.0048,0.004));
#4927=CARTESIAN_POINT('',(-0.229,0.0048,0.004));
#4928=CARTESIAN_POINT('',(-0.2272,0.0048,0.004));
#4929=CARTESIAN_POINT('',(-0.229,0.0048,0.));
#4930=CARTESIAN_POINT('',(-0.2272,0.0048,0.));
#4931=CARTESIAN_POINT('',(-0.2456,0.0048,0.004));
#4932=CARTESIAN_POINT('',(-0.2456,0.0048,0.004));
#4933=CARTESIAN_POINT('',(-0.2438,0.0048,0.004));
#4934=CARTESIAN_POINT('',(-0.2456,0.0048,0.));
#4935=CARTESIAN_POINT('',(-0.2438,0.0048,0.));
#4936=CARTESIAN_POINT('',(-0.2622,0.0048,0.004));
#4937=CARTESIAN_POINT('',(-0.2622,0.0048,0.004));
#4938=CARTESIAN_POINT('',(-0.2604,0.0048,0.004));
#4939=CARTESIAN_POINT('',(-0.2622,0.0048,0.));
#4940=CARTESIAN_POINT('',(-0.2604,0.0048,0.));
#4941=CARTESIAN_POINT('',(-0.063,0.0048,0.004));
#4942=CARTESIAN_POINT('',(-0.063,0.0048,0.004));
#4943=CARTESIAN_POINT('',(-0.0612,0.0048,0.004));
#4944=CARTESIAN_POINT('',(-0.063,0.0048,0.));
#4945=CARTESIAN_POINT('',(-0.0612,0.0048,0.));
#4946=CARTESIAN_POINT('',(-0.1958,0.0048,0.004));
#4947=CARTESIAN_POINT('',(-0.1958,0.0048,0.004));
#4948=CARTESIAN_POINT('',(-0.194,0.0048,0.004));
#4949=CARTESIAN_POINT('',(-0.1958,0.0048,0.));
#4950=CARTESIAN_POINT('',(-0.194,0.0048,0.));
#4951=CARTESIAN_POINT('',(-0.2547,0.0177903810567666,0.004));
#4952=CARTESIAN_POINT('',(-0.2547,0.0177903810567666,0.004));
#4953=CARTESIAN_POINT('',(-0.2529,0.0177903810567666,0.004));
#4954=CARTESIAN_POINT('',(-0.2547,0.0177903810567666,0.));
#4955=CARTESIAN_POINT('',(-0.2529,0.0177903810567666,0.));
#4956=CARTESIAN_POINT('',(-0.1717,0.0177903810567666,0.004));
#4957=CARTESIAN_POINT('',(-0.1717,0.0177903810567666,0.004));
#4958=CARTESIAN_POINT('',(-0.1699,0.0177903810567666,0.004));
#4959=CARTESIAN_POINT('',(-0.1717,0.0177903810567666,0.));
#4960=CARTESIAN_POINT('',(-0.1699,0.0177903810567666,0.));
#4961=CARTESIAN_POINT('',(-0.2713,0.0177903810567666,0.004));
#4962=CARTESIAN_POINT('',(-0.2713,0.0177903810567666,0.004));
#4963=CARTESIAN_POINT('',(-0.2695,0.0177903810567666,0.004));
#4964=CARTESIAN_POINT('',(-0.2713,0.0177903810567666,0.));
#4965=CARTESIAN_POINT('',(-0.2695,0.0177903810567666,0.));
#4966=CARTESIAN_POINT('',(-0.1551,0.0177903810567666,0.004));
#4967=CARTESIAN_POINT('',(-0.1551,0.0177903810567666,0.004));
#4968=CARTESIAN_POINT('',(-0.1533,0.0177903810567666,0.004));
#4969=CARTESIAN_POINT('',(-0.1551,0.0177903810567666,0.));
#4970=CARTESIAN_POINT('',(-0.1533,0.0177903810567666,0.));
#4971=CARTESIAN_POINT('',(-0.3452,0.0048,0.004));
#4972=CARTESIAN_POINT('',(-0.3452,0.0048,0.004));
#4973=CARTESIAN_POINT('',(-0.3434,0.0048,0.004));
#4974=CARTESIAN_POINT('',(-0.3452,0.0048,0.));
#4975=CARTESIAN_POINT('',(-0.3434,0.0048,0.));
#4976=CARTESIAN_POINT('',(-0.3377,0.0177903810567666,0.004));
#4977=CARTESIAN_POINT('',(-0.3377,0.0177903810567666,0.004));
#4978=CARTESIAN_POINT('',(-0.3359,0.0177903810567666,0.004));
#4979=CARTESIAN_POINT('',(-0.3377,0.0177903810567666,0.));
#4980=CARTESIAN_POINT('',(-0.3359,0.0177903810567666,0.));
#4981=CARTESIAN_POINT('',(-0.02,-0.01,0.004));
#4982=CARTESIAN_POINT('',(-0.02,-0.01,0.004));
#4983=CARTESIAN_POINT('',(-0.0145,-0.01,0.004));
#4984=CARTESIAN_POINT('',(-0.02,-0.01,0.));
#4985=CARTESIAN_POINT('',(-0.0145,-0.01,0.));
#4986=CARTESIAN_POINT('',(-0.175,0.00979874463379383,0.004));
#4987=CARTESIAN_POINT('',(-0.175,0.00979874463379383,0.));
#4988=CARTESIAN_POINT('',(0.059297887296331,0.0432753567484987,-0.17397818030994));
#4989=CARTESIAN_POINT('',(0.,0.015,0.004));
#4990=CARTESIAN_POINT('',(0.,0.015,0.));
#4991=CARTESIAN_POINT('',(0.,-0.022,0.));
#4992=CARTESIAN_POINT('',(0.,0.03,0.));
#4993=CARTESIAN_POINT('',(0.,-0.022,0.004));
#4994=CARTESIAN_POINT('',(0.,-0.022,0.004));
#4995=CARTESIAN_POINT('',(0.,0.015,0.004));
#4996=CARTESIAN_POINT('',(0.,0.03,0.004));
#4997=CARTESIAN_POINT('',(0.,0.03,0.004));
#4998=CARTESIAN_POINT('',(0.02,-0.022,0.004));
#4999=CARTESIAN_POINT('',(0.02,-0.022,0.));
#5000=CARTESIAN_POINT('',(0.04,-0.022,0.));
#5001=CARTESIAN_POINT('',(0.04,-0.022,0.004));
#5002=CARTESIAN_POINT('',(0.04,-0.022,0.004));
#5003=CARTESIAN_POINT('',(0.02,-0.022,0.004));
#5004=CARTESIAN_POINT('',(0.04,-0.011,0.004));
#5005=CARTESIAN_POINT('',(0.04,-0.011,0.));
#5006=CARTESIAN_POINT('',(0.04,0.,0.));
#5007=CARTESIAN_POINT('',(0.04,0.,0.004));
#5008=CARTESIAN_POINT('',(0.04,0.,0.004));
#5009=CARTESIAN_POINT('',(0.04,-0.011,0.004));
#5010=CARTESIAN_POINT('',(0.195,0.,0.004));
#5011=CARTESIAN_POINT('',(0.195,0.,0.));
#5012=CARTESIAN_POINT('',(0.35,0.,0.));
#5013=CARTESIAN_POINT('',(0.35,0.,0.004));
#5014=CARTESIAN_POINT('',(0.35,0.,0.004));
#5015=CARTESIAN_POINT('',(0.195,0.,0.004));
#5016=CARTESIAN_POINT('',(0.35,0.015,0.004));
#5017=CARTESIAN_POINT('',(0.35,0.015,0.));
#5018=CARTESIAN_POINT('',(0.35,0.03,0.));
#5019=CARTESIAN_POINT('',(0.35,0.03,0.004));
#5020=CARTESIAN_POINT('',(0.35,0.03,0.004));
#5021=CARTESIAN_POINT('',(0.35,0.015,0.004));
#5022=CARTESIAN_POINT('',(0.175,0.03,0.004));
#5023=CARTESIAN_POINT('',(0.175,0.03,0.));
#5024=CARTESIAN_POINT('',(0.175,0.03,0.004));
#5025=CARTESIAN_POINT('',(0.3452,0.0048,0.004));
#5026=CARTESIAN_POINT('',(0.3452,0.0048,0.004));
#5027=CARTESIAN_POINT('',(0.347,0.0048,0.004));
#5028=CARTESIAN_POINT('',(0.3452,0.0048,0.));
#5029=CARTESIAN_POINT('',(0.347,0.0048,0.));
#5030=CARTESIAN_POINT('',(0.3377,0.0177903810567666,0.004));
#5031=CARTESIAN_POINT('',(0.3377,0.0177903810567666,0.004));
#5032=CARTESIAN_POINT('',(0.3395,0.0177903810567666,0.004));
#5033=CARTESIAN_POINT('',(0.3377,0.0177903810567666,0.));
#5034=CARTESIAN_POINT('',(0.3395,0.0177903810567666,0.));
#5035=CARTESIAN_POINT('',(0.3211,0.0177903810567666,0.004));
#5036=CARTESIAN_POINT('',(0.3211,0.0177903810567666,0.004));
#5037=CARTESIAN_POINT('',(0.3229,0.0177903810567666,0.004));
#5038=CARTESIAN_POINT('',(0.3211,0.0177903810567666,0.));
#5039=CARTESIAN_POINT('',(0.3229,0.0177903810567666,0.));
#5040=CARTESIAN_POINT('',(0.3286,0.0048,0.004));
#5041=CARTESIAN_POINT('',(0.3286,0.0048,0.004));
#5042=CARTESIAN_POINT('',(0.3304,0.0048,0.004));
#5043=CARTESIAN_POINT('',(0.3286,0.0048,0.));
#5044=CARTESIAN_POINT('',(0.3304,0.0048,0.));
#5045=CARTESIAN_POINT('',(0.3045,0.0177903810567666,0.004));
#5046=CARTESIAN_POINT('',(0.3045,0.0177903810567666,0.004));
#5047=CARTESIAN_POINT('',(0.3063,0.0177903810567666,0.004));
#5048=CARTESIAN_POINT('',(0.3045,0.0177903810567666,0.));
#5049=CARTESIAN_POINT('',(0.3063,0.0177903810567666,0.));
#5050=CARTESIAN_POINT('',(0.312,0.0048,0.004));
#5051=CARTESIAN_POINT('',(0.312,0.0048,0.004));
#5052=CARTESIAN_POINT('',(0.3138,0.0048,0.004));
#5053=CARTESIAN_POINT('',(0.312,0.0048,0.));
#5054=CARTESIAN_POINT('',(0.3138,0.0048,0.));
#5055=CARTESIAN_POINT('',(0.2879,0.0177903810567666,0.004));
#5056=CARTESIAN_POINT('',(0.2879,0.0177903810567666,0.004));
#5057=CARTESIAN_POINT('',(0.2897,0.0177903810567666,0.004));
#5058=CARTESIAN_POINT('',(0.2879,0.0177903810567666,0.));
#5059=CARTESIAN_POINT('',(0.2897,0.0177903810567666,0.));
#5060=CARTESIAN_POINT('',(0.2954,0.0048,0.004));
#5061=CARTESIAN_POINT('',(0.2954,0.0048,0.004));
#5062=CARTESIAN_POINT('',(0.2972,0.0048,0.004));
#5063=CARTESIAN_POINT('',(0.2954,0.0048,0.));
#5064=CARTESIAN_POINT('',(0.2972,0.0048,0.));
#5065=CARTESIAN_POINT('',(0.2713,0.0177903810567666,0.004));
#5066=CARTESIAN_POINT('',(0.2713,0.0177903810567666,0.004));
#5067=CARTESIAN_POINT('',(0.2731,0.0177903810567666,0.004));
#5068=CARTESIAN_POINT('',(0.2713,0.0177903810567666,0.));
#5069=CARTESIAN_POINT('',(0.2731,0.0177903810567666,0.));
#5070=CARTESIAN_POINT('',(0.2788,0.0048,0.004));
#5071=CARTESIAN_POINT('',(0.2788,0.0048,0.004));
#5072=CARTESIAN_POINT('',(0.2806,0.0048,0.004));
#5073=CARTESIAN_POINT('',(0.2788,0.0048,0.));
#5074=CARTESIAN_POINT('',(0.2806,0.0048,0.));
#5075=CARTESIAN_POINT('',(0.2547,0.0177903810567666,0.004));
#5076=CARTESIAN_POINT('',(0.2547,0.0177903810567666,0.004));
#5077=CARTESIAN_POINT('',(0.2565,0.0177903810567666,0.004));
#5078=CARTESIAN_POINT('',(0.2547,0.0177903810567666,0.));
#5079=CARTESIAN_POINT('',(0.2565,0.0177903810567666,0.));
#5080=CARTESIAN_POINT('',(0.2622,0.0048,0.004));
#5081=CARTESIAN_POINT('',(0.2622,0.0048,0.004));
#5082=CARTESIAN_POINT('',(0.264,0.0048,0.004));
#5083=CARTESIAN_POINT('',(0.2622,0.0048,0.));
#5084=CARTESIAN_POINT('',(0.264,0.0048,0.));
#5085=CARTESIAN_POINT('',(0.2381,0.0177903810567666,0.004));
#5086=CARTESIAN_POINT('',(0.2381,0.0177903810567666,0.004));
#5087=CARTESIAN_POINT('',(0.2399,0.0177903810567666,0.004));
#5088=CARTESIAN_POINT('',(0.2381,0.0177903810567666,0.));
#5089=CARTESIAN_POINT('',(0.2399,0.0177903810567666,0.));
#5090=CARTESIAN_POINT('',(0.2456,0.0048,0.004));
#5091=CARTESIAN_POINT('',(0.2456,0.0048,0.004));
#5092=CARTESIAN_POINT('',(0.2474,0.0048,0.004));
#5093=CARTESIAN_POINT('',(0.2456,0.0048,0.));
#5094=CARTESIAN_POINT('',(0.2474,0.0048,0.));
#5095=CARTESIAN_POINT('',(0.2215,0.0177903810567666,0.004));
#5096=CARTESIAN_POINT('',(0.2215,0.0177903810567666,0.004));
#5097=CARTESIAN_POINT('',(0.2233,0.0177903810567666,0.004));
#5098=CARTESIAN_POINT('',(0.2215,0.0177903810567666,0.));
#5099=CARTESIAN_POINT('',(0.2233,0.0177903810567666,0.));
#5100=CARTESIAN_POINT('',(0.229,0.0048,0.004));
#5101=CARTESIAN_POINT('',(0.229,0.0048,0.004));
#5102=CARTESIAN_POINT('',(0.2308,0.0048,0.004));
#5103=CARTESIAN_POINT('',(0.229,0.0048,0.));
#5104=CARTESIAN_POINT('',(0.2308,0.0048,0.));
#5105=CARTESIAN_POINT('',(0.2049,0.0177903810567666,0.004));
#5106=CARTESIAN_POINT('',(0.2049,0.0177903810567666,0.004));
#5107=CARTESIAN_POINT('',(0.2067,0.0177903810567666,0.004));
#5108=CARTESIAN_POINT('',(0.2049,0.0177903810567666,0.));
#5109=CARTESIAN_POINT('',(0.2067,0.0177903810567666,0.));
#5110=CARTESIAN_POINT('',(0.2124,0.0048,0.004));
#5111=CARTESIAN_POINT('',(0.2124,0.0048,0.004));
#5112=CARTESIAN_POINT('',(0.2142,0.0048,0.004));
#5113=CARTESIAN_POINT('',(0.2124,0.0048,0.));
#5114=CARTESIAN_POINT('',(0.2142,0.0048,0.));
#5115=CARTESIAN_POINT('',(0.1883,0.0177903810567666,0.004));
#5116=CARTESIAN_POINT('',(0.1883,0.0177903810567666,0.004));
#5117=CARTESIAN_POINT('',(0.1901,0.0177903810567666,0.004));
#5118=CARTESIAN_POINT('',(0.1883,0.0177903810567666,0.));
#5119=CARTESIAN_POINT('',(0.1901,0.0177903810567666,0.));
#5120=CARTESIAN_POINT('',(0.1958,0.0048,0.004));
#5121=CARTESIAN_POINT('',(0.1958,0.0048,0.004));
#5122=CARTESIAN_POINT('',(0.1976,0.0048,0.004));
#5123=CARTESIAN_POINT('',(0.1958,0.0048,0.));
#5124=CARTESIAN_POINT('',(0.1976,0.0048,0.));
#5125=CARTESIAN_POINT('',(0.1717,0.0177903810567666,0.004));
#5126=CARTESIAN_POINT('',(0.1717,0.0177903810567666,0.004));
#5127=CARTESIAN_POINT('',(0.1735,0.0177903810567666,0.004));
#5128=CARTESIAN_POINT('',(0.1717,0.0177903810567666,0.));
#5129=CARTESIAN_POINT('',(0.1735,0.0177903810567666,0.));
#5130=CARTESIAN_POINT('',(0.1792,0.0048,0.004));
#5131=CARTESIAN_POINT('',(0.1792,0.0048,0.004));
#5132=CARTESIAN_POINT('',(0.181,0.0048,0.004));
#5133=CARTESIAN_POINT('',(0.1792,0.0048,0.));
#5134=CARTESIAN_POINT('',(0.181,0.0048,0.));
#5135=CARTESIAN_POINT('',(0.1551,0.0177903810567666,0.004));
#5136=CARTESIAN_POINT('',(0.1551,0.0177903810567666,0.004));
#5137=CARTESIAN_POINT('',(0.1569,0.0177903810567666,0.004));
#5138=CARTESIAN_POINT('',(0.1551,0.0177903810567666,0.));
#5139=CARTESIAN_POINT('',(0.1569,0.0177903810567666,0.));
#5140=CARTESIAN_POINT('',(0.1626,0.0048,0.004));
#5141=CARTESIAN_POINT('',(0.1626,0.0048,0.004));
#5142=CARTESIAN_POINT('',(0.1644,0.0048,0.004));
#5143=CARTESIAN_POINT('',(0.1626,0.0048,0.));
#5144=CARTESIAN_POINT('',(0.1644,0.0048,0.));
#5145=CARTESIAN_POINT('',(0.1385,0.0177903810567666,0.004));
#5146=CARTESIAN_POINT('',(0.1385,0.0177903810567666,0.004));
#5147=CARTESIAN_POINT('',(0.1403,0.0177903810567666,0.004));
#5148=CARTESIAN_POINT('',(0.1385,0.0177903810567666,0.));
#5149=CARTESIAN_POINT('',(0.1403,0.0177903810567666,0.));
#5150=CARTESIAN_POINT('',(0.146,0.0048,0.004));
#5151=CARTESIAN_POINT('',(0.146,0.0048,0.004));
#5152=CARTESIAN_POINT('',(0.1478,0.0048,0.004));
#5153=CARTESIAN_POINT('',(0.146,0.0048,0.));
#5154=CARTESIAN_POINT('',(0.1478,0.0048,0.));
#5155=CARTESIAN_POINT('',(0.1219,0.0177903810567666,0.004));
#5156=CARTESIAN_POINT('',(0.1219,0.0177903810567666,0.004));
#5157=CARTESIAN_POINT('',(0.1237,0.0177903810567666,0.004));
#5158=CARTESIAN_POINT('',(0.1219,0.0177903810567666,0.));
#5159=CARTESIAN_POINT('',(0.1237,0.0177903810567666,0.));
#5160=CARTESIAN_POINT('',(0.1294,0.0048,0.004));
#5161=CARTESIAN_POINT('',(0.1294,0.0048,0.004));
#5162=CARTESIAN_POINT('',(0.1312,0.0048,0.004));
#5163=CARTESIAN_POINT('',(0.1294,0.0048,0.));
#5164=CARTESIAN_POINT('',(0.1312,0.0048,0.));
#5165=CARTESIAN_POINT('',(0.1053,0.0177903810567666,0.004));
#5166=CARTESIAN_POINT('',(0.1053,0.0177903810567666,0.004));
#5167=CARTESIAN_POINT('',(0.1071,0.0177903810567666,0.004));
#5168=CARTESIAN_POINT('',(0.1053,0.0177903810567666,0.));
#5169=CARTESIAN_POINT('',(0.1071,0.0177903810567666,0.));
#5170=CARTESIAN_POINT('',(0.1128,0.0048,0.004));
#5171=CARTESIAN_POINT('',(0.1128,0.0048,0.004));
#5172=CARTESIAN_POINT('',(0.1146,0.0048,0.004));
#5173=CARTESIAN_POINT('',(0.1128,0.0048,0.));
#5174=CARTESIAN_POINT('',(0.1146,0.0048,0.));
#5175=CARTESIAN_POINT('',(0.0887,0.0177903810567666,0.004));
#5176=CARTESIAN_POINT('',(0.0887,0.0177903810567666,0.004));
#5177=CARTESIAN_POINT('',(0.0905,0.0177903810567666,0.004));
#5178=CARTESIAN_POINT('',(0.0887,0.0177903810567666,0.));
#5179=CARTESIAN_POINT('',(0.0905,0.0177903810567666,0.));
#5180=CARTESIAN_POINT('',(0.0962,0.0048,0.004));
#5181=CARTESIAN_POINT('',(0.0962,0.0048,0.004));
#5182=CARTESIAN_POINT('',(0.098,0.0048,0.004));
#5183=CARTESIAN_POINT('',(0.0962,0.0048,0.));
#5184=CARTESIAN_POINT('',(0.098,0.0048,0.));
#5185=CARTESIAN_POINT('',(0.0721,0.0177903810567666,0.004));
#5186=CARTESIAN_POINT('',(0.0721,0.0177903810567666,0.004));
#5187=CARTESIAN_POINT('',(0.0739,0.0177903810567666,0.004));
#5188=CARTESIAN_POINT('',(0.0721,0.0177903810567666,0.));
#5189=CARTESIAN_POINT('',(0.0739,0.0177903810567666,0.));
#5190=CARTESIAN_POINT('',(0.0796,0.0048,0.004));
#5191=CARTESIAN_POINT('',(0.0796,0.0048,0.004));
#5192=CARTESIAN_POINT('',(0.0814,0.0048,0.004));
#5193=CARTESIAN_POINT('',(0.0796,0.0048,0.));
#5194=CARTESIAN_POINT('',(0.0814,0.0048,0.));
#5195=CARTESIAN_POINT('',(0.0555,0.0177903810567666,0.004));
#5196=CARTESIAN_POINT('',(0.0555,0.0177903810567666,0.004));
#5197=CARTESIAN_POINT('',(0.0573,0.0177903810567666,0.004));
#5198=CARTESIAN_POINT('',(0.0555,0.0177903810567666,0.));
#5199=CARTESIAN_POINT('',(0.0573,0.0177903810567666,0.));
#5200=CARTESIAN_POINT('',(0.063,0.0048,0.004));
#5201=CARTESIAN_POINT('',(0.063,0.0048,0.004));
#5202=CARTESIAN_POINT('',(0.0648,0.0048,0.004));
#5203=CARTESIAN_POINT('',(0.063,0.0048,0.));
#5204=CARTESIAN_POINT('',(0.0648,0.0048,0.));
#5205=CARTESIAN_POINT('',(0.0389,0.0177903810567666,0.004));
#5206=CARTESIAN_POINT('',(0.0389,0.0177903810567666,0.004));
#5207=CARTESIAN_POINT('',(0.0407,0.0177903810567666,0.004));
#5208=CARTESIAN_POINT('',(0.0389,0.0177903810567666,0.));
#5209=CARTESIAN_POINT('',(0.0407,0.0177903810567666,0.));
#5210=CARTESIAN_POINT('',(0.0464,0.0048,0.004));
#5211=CARTESIAN_POINT('',(0.0464,0.0048,0.004));
#5212=CARTESIAN_POINT('',(0.0482,0.0048,0.004));
#5213=CARTESIAN_POINT('',(0.0464,0.0048,0.));
#5214=CARTESIAN_POINT('',(0.0482,0.0048,0.));
#5215=CARTESIAN_POINT('',(0.0223,0.0177903810567666,0.004));
#5216=CARTESIAN_POINT('',(0.0223,0.0177903810567666,0.004));
#5217=CARTESIAN_POINT('',(0.0241,0.0177903810567666,0.004));
#5218=CARTESIAN_POINT('',(0.0223,0.0177903810567666,0.));
#5219=CARTESIAN_POINT('',(0.0241,0.0177903810567666,0.));
#5220=CARTESIAN_POINT('',(0.0298,0.0048,0.004));
#5221=CARTESIAN_POINT('',(0.0298,0.0048,0.004));
#5222=CARTESIAN_POINT('',(0.0316,0.0048,0.004));
#5223=CARTESIAN_POINT('',(0.0298,0.0048,0.));
#5224=CARTESIAN_POINT('',(0.0316,0.0048,0.));
#5225=CARTESIAN_POINT('',(0.00569999999999993,0.0177903810567666,0.004));
#5226=CARTESIAN_POINT('',(0.00569999999999993,0.0177903810567666,0.004));
#5227=CARTESIAN_POINT('',(0.00749999999999993,0.0177903810567666,0.004));
#5228=CARTESIAN_POINT('',(0.00569999999999993,0.0177903810567666,0.));
#5229=CARTESIAN_POINT('',(0.00749999999999993,0.0177903810567666,0.));
#5230=CARTESIAN_POINT('',(0.0132,0.0048,0.004));
#5231=CARTESIAN_POINT('',(0.0132,0.0048,0.004));
#5232=CARTESIAN_POINT('',(0.015,0.0048,0.004));
#5233=CARTESIAN_POINT('',(0.0132,0.0048,0.));
#5234=CARTESIAN_POINT('',(0.015,0.0048,0.));
#5235=CARTESIAN_POINT('',(0.0471,0.025,0.004));
#5236=CARTESIAN_POINT('',(0.0471,0.025,0.004));
#5237=CARTESIAN_POINT('',(0.0492,0.025,0.004));
#5238=CARTESIAN_POINT('',(0.0471,0.025,0.));
#5239=CARTESIAN_POINT('',(0.0492,0.025,0.));
#5240=CARTESIAN_POINT('',(0.3429,0.025,0.004));
#5241=CARTESIAN_POINT('',(0.3429,0.025,0.004));
#5242=CARTESIAN_POINT('',(0.345,0.025,0.004));
#5243=CARTESIAN_POINT('',(0.3429,0.025,0.));
#5244=CARTESIAN_POINT('',(0.345,0.025,0.));
#5245=CARTESIAN_POINT('',(0.02,-0.01,0.004));
#5246=CARTESIAN_POINT('',(0.02,-0.01,0.004));
#5247=CARTESIAN_POINT('',(0.0255,-0.01,0.004));
#5248=CARTESIAN_POINT('',(0.02,-0.01,0.));
#5249=CARTESIAN_POINT('',(0.0255,-0.01,0.));
#5250=CARTESIAN_POINT('',(0.175,0.00979874463379385,0.004));
#5251=CARTESIAN_POINT('',(0.175,0.00979874463379385,0.));
#5252=CARTESIAN_POINT('',(0.0992978872963311,0.0472463861162165,-0.174458727665279));
#5253=CARTESIAN_POINT('',(0.0085,-0.0159509664087773,0.0132156702689551));
#5254=CARTESIAN_POINT('',(-0.00425,-0.0159509664087773,0.0132156702689551));
#5255=CARTESIAN_POINT('',(-0.00425,-0.0296019328175546,0.0314313405379102));
#5256=CARTESIAN_POINT('',(-0.00425,-0.0023,-0.005));
#5257=CARTESIAN_POINT('',(0.0085,-0.0296019328175546,0.0314313405379102));
#5258=CARTESIAN_POINT('',(-0.0085,-0.0296019328175546,0.0314313405379102));
#5259=CARTESIAN_POINT('',(-0.0085,-0.0159509664087773,0.0132156702689551));
#5260=CARTESIAN_POINT('',(-0.0085,-0.0023,-0.005));
#5261=CARTESIAN_POINT('',(0.0085,-0.0023,-0.005));
#5262=CARTESIAN_POINT('',(0.0085,-0.0158390237217401,0.0584560020942665));
#5263=CARTESIAN_POINT('',(0.0085,-0.0293780474434802,0.041912004188533));
#5264=CARTESIAN_POINT('',(-0.00425,-0.0293780474434802,0.041912004188533));
#5265=CARTESIAN_POINT('',(-0.0085,-0.0293780474434802,0.041912004188533));
#5266=CARTESIAN_POINT('',(-0.00425,-0.0158390237217401,0.0584560020942665));
#5267=CARTESIAN_POINT('',(-0.00425,-0.0023,0.075));
#5268=CARTESIAN_POINT('',(0.0085,-0.0023,0.075));
#5269=CARTESIAN_POINT('',(-0.0085,-0.0023,0.075));
#5270=CARTESIAN_POINT('',(-0.0085,-0.0158390237217401,0.0584560020942665));
#5271=CARTESIAN_POINT('',(0.0085,-0.0228,0.0365287624299526));
#5272=CARTESIAN_POINT('',(-0.00425,-0.0228,0.0365287624299526));
#5273=CARTESIAN_POINT('',(-0.0085,-0.0228,0.0365287624299526));
#5274=CARTESIAN_POINT('',(0.0085,-0.0228,0.0365287624299526));
#5275=CARTESIAN_POINT('',(-0.0085,-0.0228,0.0365287624299526));
#5276=CARTESIAN_POINT('',(-0.0085,-0.0228,0.0310287624299526));
#5277=CARTESIAN_POINT('',(-0.00425,-0.0228,0.0365287624299526));
#5278=CARTESIAN_POINT('',(-0.00425,-0.0173,0.0365287624299526));
#5279=CARTESIAN_POINT('',(-4.16333634234433E-17,-0.0023,0.11365));
#5280=CARTESIAN_POINT('',(-0.00425,-0.0023,0.311831978483612));
#5281=CARTESIAN_POINT('',(0.0085,-0.0023,-0.005));
#5282=CARTESIAN_POINT('',(0.00425,-0.0023,-0.005));
#5283=CARTESIAN_POINT('',(0.00425,-0.0023,0.311831978483612));
#5284=CARTESIAN_POINT('',(0.00425,-0.0023,0.075));
#5285=CARTESIAN_POINT('',(0.0085,-0.0023,0.075));
#5286=CARTESIAN_POINT('',(0.0085,-0.0023,0.075));
#5287=CARTESIAN_POINT('',(0.0085,-0.0023,0.035));
#5288=CARTESIAN_POINT('',(0.0085,-0.0023,-0.005));
#5289=CARTESIAN_POINT('',(0.,-0.0023,-0.005));
#5290=CARTESIAN_POINT('',(0.10175,-0.0023,-0.005));
#5291=CARTESIAN_POINT('',(0.10175,-0.0023,0.11365));
#5292=CARTESIAN_POINT('',(0.10175,-0.0023,0.2323));
#5293=CARTESIAN_POINT('',(-5.55111512312578E-17,-0.0023,0.2323));
#5294=CARTESIAN_POINT('',(0.0125,-0.0023,0.2323));
#5295=CARTESIAN_POINT('',(0.0125,-0.0023,0.225122));
#5296=CARTESIAN_POINT('',(0.0125,-0.0023,0.217944));
#5297=CARTESIAN_POINT('',(0.0125,-0.0023,0.217944));
#5298=CARTESIAN_POINT('',(0.009,-0.0023,0.217944));
#5299=CARTESIAN_POINT('',(0.009,-0.0023,0.2073));
#5300=CARTESIAN_POINT('',(0.009,-0.0023,0.2323));
#5301=CARTESIAN_POINT('',(0.,-0.0023,0.2323));
#5302=CARTESIAN_POINT('',(-0.009,-0.0023,0.2323));
#5303=CARTESIAN_POINT('',(-0.009,-0.0023,0.2073));
#5304=CARTESIAN_POINT('',(-0.009,-0.0023,0.217944));
#5305=CARTESIAN_POINT('',(0.0125,-0.0023,0.217944));
#5306=CARTESIAN_POINT('',(-0.0125,-0.0023,0.217944));
#5307=CARTESIAN_POINT('',(-0.0125,-0.0023,0.225122));
#5308=CARTESIAN_POINT('',(-0.0125,-0.0023,0.2323));
#5309=CARTESIAN_POINT('',(-5.55111512312578E-17,-0.0023,0.2323));
#5310=CARTESIAN_POINT('',(-0.10175,-0.0023,0.2323));
#5311=CARTESIAN_POINT('',(-0.10175,-0.0023,0.11365));
#5312=CARTESIAN_POINT('',(-0.10175,-0.0023,-0.005));
#5313=CARTESIAN_POINT('',(0.,-0.0023,-0.005));
#5314=CARTESIAN_POINT('',(-0.0085,-0.0023,0.035));
#5315=CARTESIAN_POINT('',(-0.08425,-0.0023,0.2173));
#5316=CARTESIAN_POINT('',(-0.09675,-0.0023,0.2173));
#5317=CARTESIAN_POINT('',(-0.07175,-0.0023,0.2173));
#5318=CARTESIAN_POINT('',(-0.09675,-0.0023,0.2223));
#5319=CARTESIAN_POINT('',(-0.09675,-0.0023,0.2273));
#5320=CARTESIAN_POINT('',(-0.08425,-0.0023,0.2273));
#5321=CARTESIAN_POINT('',(-0.07175,-0.0023,0.2273));
#5322=CARTESIAN_POINT('',(-0.07175,-0.0023,0.2223));
#5323=CARTESIAN_POINT('',(-0.08425,-0.0023,0.));
#5324=CARTESIAN_POINT('',(-0.09675,-0.0023,0.));
#5325=CARTESIAN_POINT('',(-0.07175,-0.0023,-4.25007251614318E-17));
#5326=CARTESIAN_POINT('',(-0.09675,-0.0023,0.005));
#5327=CARTESIAN_POINT('',(-0.09675,-0.0023,0.01));
#5328=CARTESIAN_POINT('',(-0.08425,-0.0023,0.01));
#5329=CARTESIAN_POINT('',(-0.07175,-0.0023,0.01));
#5330=CARTESIAN_POINT('',(-0.07175,-0.0023,0.005));
#5331=CARTESIAN_POINT('',(0.08425,-0.0023,0.));
#5332=CARTESIAN_POINT('',(0.07175,-0.0023,0.));
#5333=CARTESIAN_POINT('',(0.09675,-0.0023,-1.7347234759768E-17));
#5334=CARTESIAN_POINT('',(0.07175,-0.0023,0.005));
#5335=CARTESIAN_POINT('',(0.07175,-0.0023,0.01));
#5336=CARTESIAN_POINT('',(0.08425,-0.0023,0.01));
#5337=CARTESIAN_POINT('',(0.09675,-0.0023,0.01));
#5338=CARTESIAN_POINT('',(0.09675,-0.0023,0.005));
#5339=CARTESIAN_POINT('',(0.08425,-0.0023,0.2173));
#5340=CARTESIAN_POINT('',(0.07175,-0.0023,0.2173));
#5341=CARTESIAN_POINT('',(0.09675,-0.0023,0.2173));
#5342=CARTESIAN_POINT('',(0.07175,-0.0023,0.2223));
#5343=CARTESIAN_POINT('',(0.07175,-0.0023,0.2273));
#5344=CARTESIAN_POINT('',(0.08425,-0.0023,0.2273));
#5345=CARTESIAN_POINT('',(0.09675,-0.0023,0.2273));
#5346=CARTESIAN_POINT('',(0.09675,-0.0023,0.2223));
#5347=CARTESIAN_POINT('',(0.0125,-0.00911991909685994,0.221064689589223));
#5348=CARTESIAN_POINT('',(0.009,-0.00911991909685994,0.221064689589223));
#5349=CARTESIAN_POINT('',(0.009,-0.0159398381937199,0.224185379178446));
#5350=CARTESIAN_POINT('',(0.0125,-0.00911991909685994,0.221064689589223));
#5351=CARTESIAN_POINT('',(0.0125,-0.0159398381937199,0.224185379178446));
#5352=CARTESIAN_POINT('',(0.0125,-0.0159398381937199,0.224185379178446));
#5353=CARTESIAN_POINT('',(0.0125,-0.0141714474264935,0.22805));
#5354=CARTESIAN_POINT('',(0.009,-0.0141714474264935,0.22805));
#5355=CARTESIAN_POINT('',(0.009,-0.0141714474264935,0.2323));
#5356=CARTESIAN_POINT('',(0.0125,-0.0141714474264935,0.22805));
#5357=CARTESIAN_POINT('',(0.0125,-0.0141714474264935,0.2323));
#5358=CARTESIAN_POINT('',(0.0125,-0.0141714474264935,0.2323));
#5359=CARTESIAN_POINT('',(0.0125,-0.0141714474264935,0.22805));
#5360=CARTESIAN_POINT('',(0.0125,-0.0141714474264935,0.22805));
#5361=CARTESIAN_POINT('',(0.0125,-0.0141714474264935,0.2248));
#5362=CARTESIAN_POINT('',(0.009,-0.0141714474264935,0.22805));
#5363=CARTESIAN_POINT('',(0.009,-0.0141714474264935,0.2313));
#5364=CARTESIAN_POINT('',(-0.08425,-0.0023,0.));
#5365=CARTESIAN_POINT('',(-0.08425,0.,0.));
#5366=CARTESIAN_POINT('',(-0.09675,0.,0.));
#5367=CARTESIAN_POINT('',(-0.07175,0.,-4.25007251614318E-17));
#5368=CARTESIAN_POINT('',(-0.09675,-0.0023,0.));
#5369=CARTESIAN_POINT('',(-0.07175,-0.0023,-4.25007251614318E-17));
#5370=CARTESIAN_POINT('',(-0.09675,-0.0023,0.005));
#5371=CARTESIAN_POINT('',(-0.09675,0.,0.005));
#5372=CARTESIAN_POINT('',(-0.09675,0.,0.01));
#5373=CARTESIAN_POINT('',(-0.09675,-0.0023,0.01));
#5374=CARTESIAN_POINT('',(-0.08425,-0.0023,0.01));
#5375=CARTESIAN_POINT('',(-0.08425,0.,0.01));
#5376=CARTESIAN_POINT('',(-0.07175,0.,0.01));
#5377=CARTESIAN_POINT('',(-0.07175,-0.0023,0.01));
#5378=CARTESIAN_POINT('',(0.08425,-0.0023,0.));
#5379=CARTESIAN_POINT('',(0.08425,0.,0.));
#5380=CARTESIAN_POINT('',(0.07175,0.,0.));
#5381=CARTESIAN_POINT('',(0.09675,0.,-1.7347234759768E-17));
#5382=CARTESIAN_POINT('',(0.07175,-0.0023,0.));
#5383=CARTESIAN_POINT('',(0.09675,-0.0023,-1.7347234759768E-17));
#5384=CARTESIAN_POINT('',(0.07175,-0.0023,0.005));
#5385=CARTESIAN_POINT('',(0.07175,0.,0.005));
#5386=CARTESIAN_POINT('',(0.07175,0.,0.01));
#5387=CARTESIAN_POINT('',(0.07175,-0.0023,0.01));
#5388=CARTESIAN_POINT('',(0.08425,-0.0023,0.01));
#5389=CARTESIAN_POINT('',(0.08425,0.,0.01));
#5390=CARTESIAN_POINT('',(0.09675,0.,0.01));
#5391=CARTESIAN_POINT('',(0.09675,-0.0023,0.01));
#5392=CARTESIAN_POINT('',(-0.08425,-0.0023,0.2173));
#5393=CARTESIAN_POINT('',(-0.08425,0.,0.2173));
#5394=CARTESIAN_POINT('',(-0.09675,0.,0.2173));
#5395=CARTESIAN_POINT('',(-0.07175,0.,0.2173));
#5396=CARTESIAN_POINT('',(-0.09675,-0.0023,0.2173));
#5397=CARTESIAN_POINT('',(-0.07175,-0.0023,0.2173));
#5398=CARTESIAN_POINT('',(-0.09675,-0.0023,0.2223));
#5399=CARTESIAN_POINT('',(-0.09675,0.,0.2223));
#5400=CARTESIAN_POINT('',(-0.09675,0.,0.2273));
#5401=CARTESIAN_POINT('',(-0.09675,-0.0023,0.2273));
#5402=CARTESIAN_POINT('',(-0.08425,-0.0023,0.2273));
#5403=CARTESIAN_POINT('',(-0.08425,0.,0.2273));
#5404=CARTESIAN_POINT('',(-0.07175,0.,0.2273));
#5405=CARTESIAN_POINT('',(-0.07175,-0.0023,0.2273));
#5406=CARTESIAN_POINT('',(0.08425,-0.0023,0.2173));
#5407=CARTESIAN_POINT('',(0.08425,0.,0.2173));
#5408=CARTESIAN_POINT('',(0.07175,0.,0.2173));
#5409=CARTESIAN_POINT('',(0.09675,0.,0.2173));
#5410=CARTESIAN_POINT('',(0.07175,-0.0023,0.2173));
#5411=CARTESIAN_POINT('',(0.09675,-0.0023,0.2173));
#5412=CARTESIAN_POINT('',(0.07175,-0.0023,0.2223));
#5413=CARTESIAN_POINT('',(0.07175,0.,0.2223));
#5414=CARTESIAN_POINT('',(0.07175,0.,0.2273));
#5415=CARTESIAN_POINT('',(0.07175,-0.0023,0.2273));
#5416=CARTESIAN_POINT('',(0.08425,-0.0023,0.2273));
#5417=CARTESIAN_POINT('',(0.08425,0.,0.2273));
#5418=CARTESIAN_POINT('',(0.09675,0.,0.2273));
#5419=CARTESIAN_POINT('',(0.09675,-0.0023,0.2273));
#5420=CARTESIAN_POINT('',(-0.10175,-0.0023,0.11365));
#5421=CARTESIAN_POINT('',(-0.10175,0.,0.11365));
#5422=CARTESIAN_POINT('',(-0.10175,0.,-0.005));
#5423=CARTESIAN_POINT('',(-0.10175,0.,0.2323));
#5424=CARTESIAN_POINT('',(-0.10175,-0.0023,-0.005));
#5425=CARTESIAN_POINT('',(-0.10175,-0.0023,0.2323));
#5426=CARTESIAN_POINT('',(0.,-0.0023,-0.005));
#5427=CARTESIAN_POINT('',(0.,0.,-0.005));
#5428=CARTESIAN_POINT('',(0.10175,0.,-0.005));
#5429=CARTESIAN_POINT('',(0.10175,-0.0023,-0.005));
#5430=CARTESIAN_POINT('',(0.0085,-0.0023,-0.005));
#5431=CARTESIAN_POINT('',(0.10175,-0.0023,0.11365));
#5432=CARTESIAN_POINT('',(0.10175,0.,0.11365));
#5433=CARTESIAN_POINT('',(0.10175,0.,0.2323));
#5434=CARTESIAN_POINT('',(0.10175,-0.0023,0.2323));
#5435=CARTESIAN_POINT('',(0.09675,-0.0023,0.005));
#5436=CARTESIAN_POINT('',(0.09675,0.,0.005));
#5437=CARTESIAN_POINT('',(-0.07175,-0.0023,0.2223));
#5438=CARTESIAN_POINT('',(-0.07175,0.,0.2223));
#5439=CARTESIAN_POINT('',(0.09675,-0.0023,0.2223));
#5440=CARTESIAN_POINT('',(0.09675,0.,0.2223));
#5441=CARTESIAN_POINT('',(-5.55111512312578E-17,-0.0023,0.2323));
#5442=CARTESIAN_POINT('',(-0.009,-0.0114611360222101,0.2323));
#5443=CARTESIAN_POINT('',(-0.009,-0.0141714474264935,0.2323));
#5444=CARTESIAN_POINT('',(0.009,-0.0114611360222101,0.2323));
#5445=CARTESIAN_POINT('',(0.0125,-0.00823572371324675,0.2323));
#5446=CARTESIAN_POINT('',(-5.55111512312578E-17,0.,0.2323));
#5447=CARTESIAN_POINT('',(-0.0125,-0.00823572371324675,0.2323));
#5448=CARTESIAN_POINT('',(-0.0125,-0.0141714474264935,0.2323));
#5449=CARTESIAN_POINT('',(0.0125,-0.0141714474264935,0.2323));
#5450=CARTESIAN_POINT('',(-0.07175,-0.0023,0.005));
#5451=CARTESIAN_POINT('',(-0.07175,0.,0.005));
#5452=CARTESIAN_POINT('',(-4.16333634234433E-17,0.,0.11365));
#5453=CARTESIAN_POINT('',(0.0125,-0.00911991909685994,0.221064689589223));
#5454=CARTESIAN_POINT('',(-0.009,-0.00911991909685994,0.221064689589223));
#5455=CARTESIAN_POINT('',(-0.009,-0.0159398381937199,0.224185379178446));
#5456=CARTESIAN_POINT('',(0.0125,-0.0159398381937199,0.224185379178446));
#5457=CARTESIAN_POINT('',(-0.0125,-0.0159398381937199,0.224185379178446));
#5458=CARTESIAN_POINT('',(-0.0125,-0.00911991909685994,0.221064689589223));
#5459=CARTESIAN_POINT('',(0.0125,-0.0141714474264935,0.22805));
#5460=CARTESIAN_POINT('',(-0.009,-0.0141714474264935,0.22805));
#5461=CARTESIAN_POINT('',(-0.0125,-0.0141714474264935,0.22805));
#5462=CARTESIAN_POINT('',(0.0125,-0.0141714474264935,0.22805));
#5463=CARTESIAN_POINT('',(-0.009,-0.0141714474264935,0.22805));
#5464=CARTESIAN_POINT('',(-0.009,-0.0141714474264935,0.2313));
#5465=CARTESIAN_POINT('',(-0.0125,-0.0141714474264935,0.22805));
#5466=CARTESIAN_POINT('',(-0.0125,-0.0141714474264935,0.2248));
#5467=CARTESIAN_POINT('',(0.0125,-0.00921072371324675,0.225122));
#5468=CARTESIAN_POINT('',(-0.0125,-0.00921072371324675,0.225122));
#5469=CARTESIAN_POINT('',(-0.009,-0.0114611360222101,0.2073));
#5470=CARTESIAN_POINT('',(0.009,-0.0114611360222101,0.2073));
#5471=CARTESIAN_POINT('',(0.0085,-0.0159509664087773,0.0132156702689551));
#5472=CARTESIAN_POINT('',(0.0085,-0.0296019328175546,0.0314313405379102));
#5473=CARTESIAN_POINT('',(0.0085,-0.0296019328175546,0.0314313405379102));
#5474=CARTESIAN_POINT('',(0.00425,-0.0296019328175546,0.0314313405379102));
#5475=CARTESIAN_POINT('',(0.00425,-0.0159509664087773,0.0132156702689551));
#5476=CARTESIAN_POINT('',(0.0085,-0.0159509664087773,0.0132156702689551));
#5477=CARTESIAN_POINT('',(0.0085,-0.0158390237217401,0.0584560020942665));
#5478=CARTESIAN_POINT('',(0.00425,-0.0158390237217401,0.0584560020942665));
#5479=CARTESIAN_POINT('',(0.00425,-0.0293780474434802,0.041912004188533));
#5480=CARTESIAN_POINT('',(0.0085,-0.0293780474434802,0.041912004188533));
#5481=CARTESIAN_POINT('',(0.0085,-0.0293780474434802,0.041912004188533));
#5482=CARTESIAN_POINT('',(0.0085,-0.0158390237217401,0.0584560020942665));
#5483=CARTESIAN_POINT('',(0.0085,-0.0228,0.0365287624299526));
#5484=CARTESIAN_POINT('',(0.00425,-0.0228,0.0365287624299526));
#5485=CARTESIAN_POINT('',(0.0085,-0.0228,0.0365287624299526));
#5486=CARTESIAN_POINT('',(0.0085,-0.0228,0.0365287624299526));
#5487=CARTESIAN_POINT('',(0.00425,-0.0228,0.0365287624299526));
#5488=CARTESIAN_POINT('',(0.00425,-0.0173,0.0365287624299526));
#5489=CARTESIAN_POINT('',(0.0085,-0.0228,0.0365287624299526));
#5490=CARTESIAN_POINT('',(0.0085,-0.0228,0.0310287624299526));
#5491=CARTESIAN_POINT('',(0.0085,-0.0168,0.035));
#5492=CARTESIAN_POINT('',(-0.0085,-0.0168,0.035));
#5493=CARTESIAN_POINT('',(-0.00425,-0.0269018254220485,0.311831978483612));
#5494=CARTESIAN_POINT('',(0.00425,-0.0269018254220485,0.311831978483612));
#5495=CARTESIAN_POINT('',(0.0795478872963311,0.0794782274199487,0.0719283125281334));
#5496=MECHANICAL_DESIGN_GEOMETRIC_PRESENTATION_REPRESENTATION('',(#3291,
#3292,#3293,#3294),#5497);
#5497=(
GEOMETRIC_REPRESENTATION_CONTEXT(3)
GLOBAL_UNCERTAINTY_ASSIGNED_CONTEXT((#5502))
GLOBAL_UNIT_ASSIGNED_CONTEXT((#5509,#5508,#5507))
REPRESENTATION_CONTEXT('Assembly 1','TOP_LEVEL_ASSEMBLY_PART')
);
#5498=(
GEOMETRIC_REPRESENTATION_CONTEXT(3)
GLOBAL_UNCERTAINTY_ASSIGNED_CONTEXT((#5503))
GLOBAL_UNIT_ASSIGNED_CONTEXT((#5509,#5508,#5507))
REPRESENTATION_CONTEXT('Part 1','COMPONENT_PART')
);
#5499=(
GEOMETRIC_REPRESENTATION_CONTEXT(3)
GLOBAL_UNCERTAINTY_ASSIGNED_CONTEXT((#5504))
GLOBAL_UNIT_ASSIGNED_CONTEXT((#5509,#5508,#5507))
REPRESENTATION_CONTEXT('Part 1','COMPONENT_PART')
);
#5500=(
GEOMETRIC_REPRESENTATION_CONTEXT(3)
GLOBAL_UNCERTAINTY_ASSIGNED_CONTEXT((#5505))
GLOBAL_UNIT_ASSIGNED_CONTEXT((#5509,#5508,#5507))
REPRESENTATION_CONTEXT('Part 1','COMPONENT_PART')
);
#5501=(
GEOMETRIC_REPRESENTATION_CONTEXT(3)
GLOBAL_UNCERTAINTY_ASSIGNED_CONTEXT((#5506))
GLOBAL_UNIT_ASSIGNED_CONTEXT((#5509,#5508,#5507))
REPRESENTATION_CONTEXT('Part 1','COMPONENT_PART')
);
#5502=UNCERTAINTY_MEASURE_WITH_UNIT(LENGTH_MEASURE(1.E-8),#5509,
'DISTANCE_ACCURACY_VALUE','Maximum Tolerance applied to model');
#5503=UNCERTAINTY_MEASURE_WITH_UNIT(LENGTH_MEASURE(1.E-8),#5509,
'DISTANCE_ACCURACY_VALUE','Maximum Tolerance applied to model');
#5504=UNCERTAINTY_MEASURE_WITH_UNIT(LENGTH_MEASURE(1.E-8),#5509,
'DISTANCE_ACCURACY_VALUE','Maximum Tolerance applied to model');
#5505=UNCERTAINTY_MEASURE_WITH_UNIT(LENGTH_MEASURE(1.E-8),#5509,
'DISTANCE_ACCURACY_VALUE','Maximum Tolerance applied to model');
#5506=UNCERTAINTY_MEASURE_WITH_UNIT(LENGTH_MEASURE(1.E-8),#5509,
'DISTANCE_ACCURACY_VALUE','Maximum Tolerance applied to model');
#5507=(
NAMED_UNIT(*)
SI_UNIT($,.STERADIAN.)
SOLID_ANGLE_UNIT()
);
#5508=(
NAMED_UNIT(*)
PLANE_ANGLE_UNIT()
SI_UNIT($,.RADIAN.)
);
#5509=(
LENGTH_UNIT()
NAMED_UNIT(*)
SI_UNIT($,.METRE.)
);
#5510=PRODUCT_DEFINITION_SHAPE('','',#5519);
#5511=PRODUCT_DEFINITION_SHAPE('','',#5520);
#5512=PRODUCT_DEFINITION_SHAPE(' ','NAUO PRDDFN',#14);
#5513=PRODUCT_DEFINITION_SHAPE('','',#5521);
#5514=PRODUCT_DEFINITION_SHAPE(' ','NAUO PRDDFN',#15);
#5515=PRODUCT_DEFINITION_SHAPE('','',#5522);
#5516=PRODUCT_DEFINITION_SHAPE(' ','NAUO PRDDFN',#16);
#5517=PRODUCT_DEFINITION_SHAPE('','',#5523);
#5518=PRODUCT_DEFINITION_SHAPE(' ','NAUO PRDDFN',#17);
#5519=PRODUCT_DEFINITION('','',#5529,#5524);
#5520=PRODUCT_DEFINITION('','',#5530,#5525);
#5521=PRODUCT_DEFINITION('','',#5531,#5526);
#5522=PRODUCT_DEFINITION('','',#5532,#5527);
#5523=PRODUCT_DEFINITION('','',#5533,#5528);
#5524=PRODUCT_DEFINITION_CONTEXT('',#5555,'design');
#5525=PRODUCT_DEFINITION_CONTEXT('',#5555,'design');
#5526=PRODUCT_DEFINITION_CONTEXT('',#5555,'design');
#5527=PRODUCT_DEFINITION_CONTEXT('',#5555,'design');
#5528=PRODUCT_DEFINITION_CONTEXT('',#5555,'design');
#5529=PRODUCT_DEFINITION_FORMATION_WITH_SPECIFIED_SOURCE('','',#5539,
 .NOT_KNOWN.);
#5530=PRODUCT_DEFINITION_FORMATION_WITH_SPECIFIED_SOURCE('','',#5540,
 .NOT_KNOWN.);
#5531=PRODUCT_DEFINITION_FORMATION_WITH_SPECIFIED_SOURCE('','',#5541,
 .NOT_KNOWN.);
#5532=PRODUCT_DEFINITION_FORMATION_WITH_SPECIFIED_SOURCE('','',#5542,
 .NOT_KNOWN.);
#5533=PRODUCT_DEFINITION_FORMATION_WITH_SPECIFIED_SOURCE('','',#5543,
 .NOT_KNOWN.);
#5534=PRODUCT_RELATED_PRODUCT_CATEGORY('','',(#5539));
#5535=PRODUCT_RELATED_PRODUCT_CATEGORY('','',(#5540));
#5536=PRODUCT_RELATED_PRODUCT_CATEGORY('','',(#5541));
#5537=PRODUCT_RELATED_PRODUCT_CATEGORY('','',(#5542));
#5538=PRODUCT_RELATED_PRODUCT_CATEGORY('','',(#5543));
#5539=PRODUCT('Assembly 1','Assembly 1','Assembly 1',(#5549));
#5540=PRODUCT('Part 1','Part 1','Part 1',(#5550));
#5541=PRODUCT('Part 1','Part 1','Part 1',(#5551));
#5542=PRODUCT('Part 1','Part 1','Part 1',(#5552));
#5543=PRODUCT('Part 1','Part 1','Part 1',(#5553));
#5544=PRODUCT_CATEGORY('','');
#5545=PRODUCT_CATEGORY('','');
#5546=PRODUCT_CATEGORY('','');
#5547=PRODUCT_CATEGORY('','');
#5548=PRODUCT_CATEGORY('','');
#5549=PRODUCT_CONTEXT('',#5555,'mechanical');
#5550=PRODUCT_CONTEXT('',#5555,'mechanical');
#5551=PRODUCT_CONTEXT('',#5555,'mechanical');
#5552=PRODUCT_CONTEXT('',#5555,'mechanical');
#5553=PRODUCT_CONTEXT('',#5555,'mechanical');
#5554=APPLICATION_PROTOCOL_DEFINITION('international standard',
'ap242_managed_model_based_3d_engineering',2020,#5555);
#5555=APPLICATION_CONTEXT('managed model based 3d engineering');
ENDSEC;
END-ISO-10303-21;
